original_file_name,file_name,Surface_Crack,Delamination,Pinhole,unclassified,recognized_label_count,frame_group,label_combination
R7-700um-middle_frame_489_patch_1.png,image_1.jpg,1,0,0,0,1,R7-700um-middle_frame_489,100
R1-1100um-top-to-bottom-center-1_frame_220_patch_7.png,image_2.jpg,1,0,0,0,1,R1-1100um-top-to-bottom-center-1_frame_220,100
R1-1100um-top-to-bottom-center_frame_85_patch_1.png,image_3.jpg,1,0,1,0,2,R1-1100um-top-to-bottom-center_frame_85,101
R1-1100um-top-to-bottom-center_frame_218_patch_5.png,image_5.jpg,1,0,0,0,1,R1-1100um-top-to-bottom-center_frame_218,100
R1-700um-top-to-bottom-center_frame_597_patch_3.png,image_8.jpg,1,0,0,0,1,R1-700um-top-to-bottom-center_frame_597,100
R7-700um-middle_frame_100_patch_5.png,image_9.jpg,1,0,0,0,1,R7-700um-middle_frame_100,100
R1-900um-top-to-bottom-center_frame_512_patch_1.png,image_11.jpg,1,0,0,0,1,R1-900um-top-to-bottom-center_frame_512,100
R1-1000um-top-to-bottom-center_frame_173_patch_1.png,image_12.jpg,1,0,0,0,1,R1-1000um-top-to-bottom-center_frame_173,100
R1-1100um-top-to-bottom-center_frame_98_patch_1.png,image_14.jpg,1,0,1,0,2,R1-1100um-top-to-bottom-center_frame_98,101
R1-600um-top-to-bottom-center_frame_61_patch_4.png,image_16.jpg,0,0,1,0,1,R1-600um-top-to-bottom-center_frame_61,001
R1-1100um-top-to-bottom-center_frame_361_patch_0.png,image_17.jpg,1,1,0,0,2,R1-1100um-top-to-bottom-center_frame_361,110
R1-800um-top-to-bottom-center_frame_46_patch_2.png,image_19.jpg,0,0,1,0,1,R1-800um-top-to-bottom-center_frame_46,001
R1-800um-top-to-bottom-center_frame_631_patch_1.png,image_20.jpg,1,0,1,0,2,R1-800um-top-to-bottom-center_frame_631,101
R1-1100um-top-to-bottom-center_frame_356_patch_2.png,image_22.jpg,1,0,0,0,1,R1-1100um-top-to-bottom-center_frame_356,100
R1-1100um-top-to-bottom-center_frame_264_patch_4.png,image_23.jpg,1,0,1,0,2,R1-1100um-top-to-bottom-center_frame_264,101
R1-800um-top-to-bottom-center_frame_412_patch_3.png,image_24.jpg,1,0,0,0,1,R1-800um-top-to-bottom-center_frame_412,100
R1-1100um-top-to-bottom-center-1_frame_425_patch_5.png,image_27.jpg,1,0,0,0,1,R1-1100um-top-to-bottom-center-1_frame_425,100
R1-900um-top-to-bottom-center_frame_604_patch_4.png,image_28.jpg,1,0,1,0,2,R1-900um-top-to-bottom-center_frame_604,101
R1-1100um-top-to-bottom-center-1_frame_425_patch_2.png,image_29.jpg,1,1,0,0,2,R1-1100um-top-to-bottom-center-1_frame_425,110
R7-700um-middle_frame_500_patch_2.png,image_33.jpg,1,0,0,0,1,R7-700um-middle_frame_500,100
R1-1100um-top-to-bottom-center_frame_128_patch_0.png,image_34.jpg,1,0,0,0,1,R1-1100um-top-to-bottom-center_frame_128,100
R1-1100um-top-to-bottom-center_frame_86_patch_4.png,image_35.jpg,1,0,0,0,1,R1-1100um-top-to-bottom-center_frame_86,100
R1-1100um-top-to-bottom-center_frame_281_patch_7.png,image_36.jpg,1,0,1,0,2,R1-1100um-top-to-bottom-center_frame_281,101
R1-1100um-top-to-bottom-center_frame_183_patch_4.png,image_37.jpg,1,0,0,0,1,R1-1100um-top-to-bottom-center_frame_183,100
R1-600um-top-to-bottom-center_frame_603_patch_3.png,image_38.jpg,1,0,1,0,2,R1-600um-top-to-bottom-center_frame_603,101
R1-1100um-top-to-bottom-center-1_frame_205_patch_8.png,image_39.jpg,1,0,0,0,1,R1-1100um-top-to-bottom-center-1_frame_205,100
R1-700um-top-to-bottom-center_frame_485_patch_6.png,image_41.jpg,1,0,0,0,1,R1-700um-top-to-bottom-center_frame_485,100
R1-1000um-top-to-bottom-center_frame_180_patch_7.png,image_43.jpg,1,0,0,0,1,R1-1000um-top-to-bottom-center_frame_180,100
R1-1100um-top-to-bottom-center_frame_386_patch_0.png,image_44.jpg,1,0,0,0,1,R1-1100um-top-to-bottom-center_frame_386,100
R1-600um-top-to-bottom-center_frame_387_patch_4.png,image_45.jpg,1,0,0,0,1,R1-600um-top-to-bottom-center_frame_387,100
R1-800um-top-to-bottom-center_frame_454_patch_6.png,image_46.jpg,1,0,0,0,1,R1-800um-top-to-bottom-center_frame_454,100
R1-600um-top-to-bottom-center_frame_594_patch_8.png,image_47.jpg,1,0,0,0,1,R1-600um-top-to-bottom-center_frame_594,100
R1-900um-top-to-bottom-center_frame_179_patch_4.png,image_48.jpg,1,0,0,0,1,R1-900um-top-to-bottom-center_frame_179,100
R1-1100um-top-to-bottom-center_frame_43_patch_2.png,image_49.jpg,1,0,0,0,1,R1-1100um-top-to-bottom-center_frame_43,100
R1-900um-top-to-bottom-center_frame_263_patch_7.png,image_50.jpg,1,0,0,0,1,R1-900um-top-to-bottom-center_frame_263,100
R1-700um-top-to-bottom-center_frame_41_patch_1.png,image_52.jpg,0,0,1,0,1,R1-700um-top-to-bottom-center_frame_41,001
R1-1100um-top-to-bottom-center_frame_327_patch_3.png,image_54.jpg,1,0,0,0,1,R1-1100um-top-to-bottom-center_frame_327,100
R1-1000um-top-to-bottom-center_frame_458_patch_1.png,image_58.jpg,1,1,0,0,2,R1-1000um-top-to-bottom-center_frame_458,110
R1-600um-top-to-bottom-center_frame_631_patch_2.png,image_59.jpg,1,0,0,0,1,R1-600um-top-to-bottom-center_frame_631,100
R1-600um-top-to-bottom-center_frame_182_patch_1.png,image_61.jpg,0,0,1,0,1,R1-600um-top-to-bottom-center_frame_182,001
R1-600um-top-to-bottom-center_frame_356_patch_2.png,image_63.jpg,1,0,1,0,2,R1-600um-top-to-bottom-center_frame_356,101
R1-1100um-top-to-bottom-center_frame_223_patch_0.png,image_64.jpg,1,0,0,0,1,R1-1100um-top-to-bottom-center_frame_223,100
R1-700um-top-to-bottom-center_frame_556_patch_0.png,image_66.jpg,1,0,0,0,1,R1-700um-top-to-bottom-center_frame_556,100
R1-1100um-top-to-bottom-center_frame_232_patch_5.png,image_67.jpg,1,0,1,0,2,R1-1100um-top-to-bottom-center_frame_232,101
R1-1100um-top-to-bottom-center-1_frame_241_patch_7.png,image_71.jpg,1,0,1,0,2,R1-1100um-top-to-bottom-center-1_frame_241,101
R1-600um-top-to-bottom-center_frame_387_patch_3.png,image_72.jpg,1,0,0,0,1,R1-600um-top-to-bottom-center_frame_387,100
R7-700um-middle_frame_512_patch_8.png,image_73.jpg,1,0,0,0,1,R7-700um-middle_frame_512,100
R1-900um-top-to-bottom-center_frame_194_patch_5.png,image_74.jpg,1,0,0,0,1,R1-900um-top-to-bottom-center_frame_194,100
R1-1100um-top-to-bottom-center-1_frame_241_patch_3.png,image_76.jpg,1,0,0,0,1,R1-1100um-top-to-bottom-center-1_frame_241,100
R1-800um-top-to-bottom-center_frame_638_patch_0.png,image_77.jpg,1,0,1,0,2,R1-800um-top-to-bottom-center_frame_638,101
R1-1100um-top-to-bottom-center_frame_124_patch_4.png,image_78.jpg,1,0,0,0,1,R1-1100um-top-to-bottom-center_frame_124,100
R1-800um-top-to-bottom-center_frame_119_patch_6.png,image_80.jpg,0,0,1,0,1,R1-800um-top-to-bottom-center_frame_119,001
R1-1000um-top-to-bottom-center_frame_134_patch_5.png,image_82.jpg,1,0,1,0,2,R1-1000um-top-to-bottom-center_frame_134,101
R1-1100um-top-to-bottom-center_frame_277_patch_5.png,image_83.jpg,1,0,0,0,1,R1-1100um-top-to-bottom-center_frame_277,100
R1-900um-top-to-bottom-center_frame_418_patch_2.png,image_84.jpg,1,0,0,0,1,R1-900um-top-to-bottom-center_frame_418,100
R1-600um-top-to-bottom-center_frame_622_patch_3.png,image_86.jpg,1,0,0,0,1,R1-600um-top-to-bottom-center_frame_622,100
R1-900um-top-to-bottom-center_frame_486_patch_8.png,image_88.jpg,1,0,0,0,1,R1-900um-top-to-bottom-center_frame_486,100
R1-1100um-top-to-bottom-center_frame_220_patch_8.png,image_90.jpg,1,0,0,0,1,R1-1100um-top-to-bottom-center_frame_220,100
R1-1100um-top-to-bottom-center-1_frame_96_patch_6.png,image_91.jpg,1,0,0,0,1,R1-1100um-top-to-bottom-center-1_frame_96,100
R1-900um-top-to-bottom-center_frame_565_patch_6.png,image_94.jpg,1,0,0,0,1,R1-900um-top-to-bottom-center_frame_565,100
R1-1100um-top-to-bottom-center_frame_254_patch_5.png,image_96.jpg,1,0,0,0,1,R1-1100um-top-to-bottom-center_frame_254,100
R1-700um-top-to-bottom-center_frame_387_patch_8.png,image_97.jpg,1,0,0,0,1,R1-700um-top-to-bottom-center_frame_387,100
R1-700um-top-to-bottom-center_frame_347_patch_3.png,image_98.jpg,1,0,0,0,1,R1-700um-top-to-bottom-center_frame_347,100
R1-1100um-top-to-bottom-center-1_frame_521_patch_4.png,image_99.jpg,1,1,0,0,2,R1-1100um-top-to-bottom-center-1_frame_521,110
R1-1100um-top-to-bottom-center_frame_128_patch_8.png,image_100.jpg,1,0,0,0,1,R1-1100um-top-to-bottom-center_frame_128,100
R1-700um-top-to-bottom-center_frame_556_patch_6.png,image_101.jpg,1,0,0,0,1,R1-700um-top-to-bottom-center_frame_556,100
R1-600um-top-to-bottom-center_frame_412_patch_1.png,image_104.jpg,1,0,0,0,1,R1-600um-top-to-bottom-center_frame_412,100
R1-800um-top-to-bottom-center_frame_499_patch_0.png,image_108.jpg,1,0,0,0,1,R1-800um-top-to-bottom-center_frame_499,100
R1-1100um-top-to-bottom-center_frame_218_patch_7.png,image_109.jpg,1,0,0,0,1,R1-1100um-top-to-bottom-center_frame_218,100
R1-600um-top-to-bottom-center_frame_408_patch_8.png,image_110.jpg,1,0,0,0,1,R1-600um-top-to-bottom-center_frame_408,100
R1-900um-top-to-bottom-center_frame_604_patch_8.png,image_111.jpg,1,0,0,0,1,R1-900um-top-to-bottom-center_frame_604,100
R1-1100um-top-to-bottom-center_frame_52_patch_4.png,image_112.jpg,1,0,0,0,1,R1-1100um-top-to-bottom-center_frame_52,100
R1-700um-top-to-bottom-center_frame_289_patch_0.png,image_113.jpg,1,0,0,0,1,R1-700um-top-to-bottom-center_frame_289,100
R7-700um-middle_frame_221_patch_8.png,image_116.jpg,1,0,0,0,1,R7-700um-middle_frame_221,100
R1-700um-top-to-bottom-center_frame_312_patch_8.png,image_117.jpg,1,0,1,0,2,R1-700um-top-to-bottom-center_frame_312,101
R1-700um-top-to-bottom-center_frame_334_patch_0.png,image_119.jpg,1,0,0,0,1,R1-700um-top-to-bottom-center_frame_334,100
R1-1100um-top-to-bottom-center_frame_297_patch_0.png,image_120.jpg,1,0,0,0,1,R1-1100um-top-to-bottom-center_frame_297,100
R1-1000um-top-to-bottom-center_frame_225_patch_7.png,image_122.jpg,1,0,0,0,1,R1-1000um-top-to-bottom-center_frame_225,100
R1-1100um-top-to-bottom-center_frame_124_patch_7.png,image_123.jpg,1,0,0,0,1,R1-1100um-top-to-bottom-center_frame_124,100
R1-1100um-top-to-bottom-center-1_frame_402_patch_5.png,image_124.jpg,1,1,0,0,2,R1-1100um-top-to-bottom-center-1_frame_402,110
R1-1100um-top-to-bottom-center-1_frame_161_patch_0.png,image_126.jpg,1,0,0,0,1,R1-1100um-top-to-bottom-center-1_frame_161,100
R1-900um-top-to-bottom-center_frame_316_patch_1.png,image_127.jpg,1,0,0,0,1,R1-900um-top-to-bottom-center_frame_316,100
R1-900um-top-to-bottom-center_frame_376_patch_1.png,image_129.jpg,1,0,0,0,1,R1-900um-top-to-bottom-center_frame_376,100
R1-1100um-top-to-bottom-center_frame_297_patch_3.png,image_130.jpg,1,0,1,0,2,R1-1100um-top-to-bottom-center_frame_297,101
R1-1100um-top-to-bottom-center_frame_239_patch_2.png,image_131.jpg,1,0,0,0,1,R1-1100um-top-to-bottom-center_frame_239,100
R7-700um-middle_frame_520_patch_4.png,image_132.jpg,1,0,0,0,1,R7-700um-middle_frame_520,100
R1-1000um-top-to-bottom-center_frame_338_patch_0.png,image_134.jpg,1,0,0,0,1,R1-1000um-top-to-bottom-center_frame_338,100
R1-1100um-top-to-bottom-center_frame_83_patch_2.png,image_135.jpg,1,0,0,0,1,R1-1100um-top-to-bottom-center_frame_83,100
R1-1100um-top-to-bottom-center-1_frame_235_patch_1.png,image_136.jpg,1,0,0,0,1,R1-1100um-top-to-bottom-center-1_frame_235,100
R1-800um-top-to-bottom-center_frame_499_patch_7.png,image_137.jpg,1,0,0,0,1,R1-800um-top-to-bottom-center_frame_499,100
R1-700um-top-to-bottom-center_frame_312_patch_2.png,image_138.jpg,1,0,0,0,1,R1-700um-top-to-bottom-center_frame_312,100
R1-900um-top-to-bottom-center_frame_557_patch_4.png,image_140.jpg,1,0,0,0,1,R1-900um-top-to-bottom-center_frame_557,100
R1-700um-top-to-bottom-center_frame_673_patch_5.png,image_141.jpg,1,0,0,0,1,R1-700um-top-to-bottom-center_frame_673,100
R1-600um-top-to-bottom-center_frame_356_patch_3.png,image_142.jpg,1,0,0,0,1,R1-600um-top-to-bottom-center_frame_356,100
R1-1000um-top-to-bottom-center_frame_434_patch_5.png,image_144.jpg,1,0,0,0,1,R1-1000um-top-to-bottom-center_frame_434,100
R7-700um-middle_frame_208_patch_8.png,image_147.jpg,1,0,0,0,1,R7-700um-middle_frame_208,100
R1-1100um-top-to-bottom-center_frame_239_patch_6.png,image_149.jpg,1,0,0,0,1,R1-1100um-top-to-bottom-center_frame_239,100
R1-1000um-top-to-bottom-center_frame_156_patch_3.png,image_150.jpg,1,0,1,0,2,R1-1000um-top-to-bottom-center_frame_156,101
R1-1100um-top-to-bottom-center-1_frame_169_patch_7.png,image_152.jpg,1,0,0,0,1,R1-1100um-top-to-bottom-center-1_frame_169,100
R7-700um-middle_frame_122_patch_2.png,image_153.jpg,1,0,0,0,1,R7-700um-middle_frame_122,100
R1-1100um-top-to-bottom-center_frame_161_patch_4.png,image_154.jpg,1,0,1,0,2,R1-1100um-top-to-bottom-center_frame_161,101
R1-1100um-top-to-bottom-center-1_frame_372_patch_4.png,image_155.jpg,1,1,0,0,2,R1-1100um-top-to-bottom-center-1_frame_372,110
R1-700um-top-to-bottom-center_frame_505_patch_0.png,image_156.jpg,1,0,0,0,1,R1-700um-top-to-bottom-center_frame_505,100
R1-1100um-top-to-bottom-center_frame_52_patch_6.png,image_158.jpg,1,0,0,0,1,R1-1100um-top-to-bottom-center_frame_52,100
R1-900um-top-to-bottom-center_frame_376_patch_8.png,image_159.jpg,1,0,0,0,1,R1-900um-top-to-bottom-center_frame_376,100
R1-600um-top-to-bottom-center_frame_51_patch_3.png,image_160.jpg,0,0,1,0,1,R1-600um-top-to-bottom-center_frame_51,001
R1-600um-top-to-bottom-center_frame_203_patch_6.png,image_162.jpg,0,0,1,0,1,R1-600um-top-to-bottom-center_frame_203,001
R1-1100um-top-to-bottom-center-1_frame_96_patch_1.png,image_163.jpg,1,0,1,0,2,R1-1100um-top-to-bottom-center-1_frame_96,101
R1-1100um-top-to-bottom-center-1_frame_387_patch_7.png,image_165.jpg,1,1,0,0,2,R1-1100um-top-to-bottom-center-1_frame_387,110
R1-800um-top-to-bottom-center_frame_304_patch_1.png,image_166.jpg,1,0,0,0,1,R1-800um-top-to-bottom-center_frame_304,100
R1-1100um-top-to-bottom-center-1_frame_342_patch_4.png,image_167.jpg,1,0,0,0,1,R1-1100um-top-to-bottom-center-1_frame_342,100
R1-700um-top-to-bottom-center_frame_347_patch_0.png,image_168.jpg,1,0,0,0,1,R1-700um-top-to-bottom-center_frame_347,100
R1-800um-top-to-bottom-center_frame_98_patch_6.png,image_169.jpg,0,0,1,0,1,R1-800um-top-to-bottom-center_frame_98,001
R1-1000um-top-to-bottom-center_frame_434_patch_0.png,image_172.jpg,1,0,0,0,1,R1-1000um-top-to-bottom-center_frame_434,100
R7-700um-middle_frame_520_patch_5.png,image_174.jpg,1,0,0,0,1,R7-700um-middle_frame_520,100
R7-700um-middle_frame_489_patch_4.png,image_175.jpg,1,0,0,0,1,R7-700um-middle_frame_489,100
R1-1100um-top-to-bottom-center-1_frame_161_patch_5.png,image_176.jpg,1,0,1,0,2,R1-1100um-top-to-bottom-center-1_frame_161,101
R1-1000um-top-to-bottom-center_frame_338_patch_5.png,image_178.jpg,1,0,0,0,1,R1-1000um-top-to-bottom-center_frame_338,100
R1-900um-top-to-bottom-center_frame_303_patch_1.png,image_179.jpg,1,0,0,0,1,R1-900um-top-to-bottom-center_frame_303,100
R1-1100um-top-to-bottom-center-1_frame_488_patch_0.png,image_181.jpg,1,1,0,0,2,R1-1100um-top-to-bottom-center-1_frame_488,110
R1-800um-top-to-bottom-center_frame_499_patch_8.png,image_183.jpg,1,0,0,0,1,R1-800um-top-to-bottom-center_frame_499,100
R1-1100um-top-to-bottom-center-1_frame_96_patch_7.png,image_185.jpg,1,0,0,0,1,R1-1100um-top-to-bottom-center-1_frame_96,100
R1-800um-top-to-bottom-center_frame_255_patch_2.png,image_186.jpg,0,0,1,0,1,R1-800um-top-to-bottom-center_frame_255,001
R1-900um-top-to-bottom-center_frame_376_patch_7.png,image_187.jpg,1,0,0,0,1,R1-900um-top-to-bottom-center_frame_376,100
R1-800um-top-to-bottom-center_frame_318_patch_3.png,image_188.jpg,1,0,0,0,1,R1-800um-top-to-bottom-center_frame_318,100
R1-1100um-top-to-bottom-center-1_frame_225_patch_2.png,image_189.jpg,1,0,0,0,1,R1-1100um-top-to-bottom-center-1_frame_225,100
R1-1100um-top-to-bottom-center-1_frame_468_patch_4.png,image_190.jpg,1,1,0,0,2,R1-1100um-top-to-bottom-center-1_frame_468,110
R1-800um-top-to-bottom-center_frame_304_patch_0.png,image_191.jpg,1,0,0,0,1,R1-800um-top-to-bottom-center_frame_304,100
R1-1100um-top-to-bottom-center_frame_191_patch_5.png,image_192.jpg,1,0,0,0,1,R1-1100um-top-to-bottom-center_frame_191,100
R7-700um-middle_frame_520_patch_7.png,image_193.jpg,1,0,0,0,1,R7-700um-middle_frame_520,100
R7-700um-middle_frame_221_patch_7.png,image_194.jpg,1,0,0,0,1,R7-700um-middle_frame_221,100
R1-1100um-top-to-bottom-center_frame_277_patch_7.png,image_195.jpg,1,0,1,0,2,R1-1100um-top-to-bottom-center_frame_277,101
R1-600um-top-to-bottom-center_frame_299_patch_2.png,image_196.jpg,0,0,1,0,1,R1-600um-top-to-bottom-center_frame_299,001
R1-800um-top-to-bottom-center_frame_72_patch_1.png,image_197.jpg,0,0,1,0,1,R1-800um-top-to-bottom-center_frame_72,001
R1-1000um-top-to-bottom-center_frame_551_patch_1.png,image_198.jpg,1,0,0,0,1,R1-1000um-top-to-bottom-center_frame_551,100
R1-1100um-top-to-bottom-center-1_frame_161_patch_8.png,image_202.jpg,1,0,1,0,2,R1-1100um-top-to-bottom-center-1_frame_161,101
R1-1100um-top-to-bottom-center_frame_342_patch_2.png,image_203.jpg,1,0,1,0,2,R1-1100um-top-to-bottom-center_frame_342,101
R1-1100um-top-to-bottom-center-1_frame_241_patch_1.png,image_207.jpg,1,0,0,0,1,R1-1100um-top-to-bottom-center-1_frame_241,100
R1-1100um-top-to-bottom-center_frame_179_patch_2.png,image_208.jpg,1,0,0,0,1,R1-1100um-top-to-bottom-center_frame_179,100
R1-600um-top-to-bottom-center_frame_622_patch_4.png,image_209.jpg,1,0,0,0,1,R1-600um-top-to-bottom-center_frame_622,100
R7-700um-middle_frame_97_patch_1.png,image_210.jpg,1,0,0,0,1,R7-700um-middle_frame_97,100
R1-900um-top-to-bottom-center_frame_221_patch_4.png,image_211.jpg,1,0,0,0,1,R1-900um-top-to-bottom-center_frame_221,100
R1-1100um-top-to-bottom-center_frame_342_patch_1.png,image_212.jpg,1,0,0,0,1,R1-1100um-top-to-bottom-center_frame_342,100
R1-900um-top-to-bottom-center_frame_564_patch_7.png,image_213.jpg,1,0,0,0,1,R1-900um-top-to-bottom-center_frame_564,100
R1-1100um-top-to-bottom-center_frame_264_patch_5.png,image_214.jpg,1,0,0,0,1,R1-1100um-top-to-bottom-center_frame_264,100
R1-800um-top-to-bottom-center_frame_499_patch_1.png,image_216.jpg,1,0,0,0,1,R1-800um-top-to-bottom-center_frame_499,100
R1-1100um-top-to-bottom-center_frame_144_patch_5.png,image_217.jpg,1,0,0,0,1,R1-1100um-top-to-bottom-center_frame_144,100
R1-800um-top-to-bottom-center_frame_80_patch_4.png,image_219.jpg,0,0,1,0,1,R1-800um-top-to-bottom-center_frame_80,001
R1-700um-top-to-bottom-center_frame_505_patch_4.png,image_220.jpg,1,0,0,0,1,R1-700um-top-to-bottom-center_frame_505,100
R1-1000um-top-to-bottom-center_frame_180_patch_2.png,image_221.jpg,1,0,0,0,1,R1-1000um-top-to-bottom-center_frame_180,100
R1-1100um-top-to-bottom-center-1_frame_235_patch_2.png,image_223.jpg,1,0,0,0,1,R1-1100um-top-to-bottom-center-1_frame_235,100
R1-1100um-top-to-bottom-center-1_frame_402_patch_3.png,image_226.jpg,1,0,0,0,1,R1-1100um-top-to-bottom-center-1_frame_402,100
R1-600um-top-to-bottom-center_frame_594_patch_3.png,image_227.jpg,1,0,0,0,1,R1-600um-top-to-bottom-center_frame_594,100
R1-800um-top-to-bottom-center_frame_526_patch_7.png,image_229.jpg,1,0,0,0,1,R1-800um-top-to-bottom-center_frame_526,100
R1-900um-top-to-bottom-center_frame_493_patch_0.png,image_230.jpg,1,0,0,0,1,R1-900um-top-to-bottom-center_frame_493,100
R1-600um-top-to-bottom-center_frame_53_patch_3.png,image_231.jpg,0,0,1,0,1,R1-600um-top-to-bottom-center_frame_53,001
R1-600um-top-to-bottom-center_frame_586_patch_7.png,image_232.jpg,1,0,1,0,2,R1-600um-top-to-bottom-center_frame_586,101
R1-800um-top-to-bottom-center_frame_318_patch_0.png,image_234.jpg,1,0,0,0,1,R1-800um-top-to-bottom-center_frame_318,100
R1-1000um-top-to-bottom-center_frame_170_patch_6.png,image_236.jpg,1,0,1,0,2,R1-1000um-top-to-bottom-center_frame_170,101
R1-700um-top-to-bottom-center_frame_648_patch_8.png,image_237.jpg,1,0,1,0,2,R1-700um-top-to-bottom-center_frame_648,101
R1-700um-top-to-bottom-center_frame_44_patch_5.png,image_238.jpg,1,0,1,0,2,R1-700um-top-to-bottom-center_frame_44,101
R1-900um-top-to-bottom-center_frame_263_patch_8.png,image_239.jpg,1,0,0,0,1,R1-900um-top-to-bottom-center_frame_263,100
R1-800um-top-to-bottom-center_frame_413_patch_2.png,image_241.jpg,1,0,0,0,1,R1-800um-top-to-bottom-center_frame_413,100
R1-1000um-top-to-bottom-center_frame_85_patch_4.png,image_242.jpg,0,0,1,0,1,R1-1000um-top-to-bottom-center_frame_85,001
R1-1100um-top-to-bottom-center_frame_384_patch_8.png,image_243.jpg,1,0,0,0,1,R1-1100um-top-to-bottom-center_frame_384,100
R1-1100um-top-to-bottom-center-1_frame_250_patch_2.png,image_244.jpg,1,0,0,0,1,R1-1100um-top-to-bottom-center-1_frame_250,100
R1-1100um-top-to-bottom-center-1_frame_502_patch_3.png,image_247.jpg,1,1,0,0,2,R1-1100um-top-to-bottom-center-1_frame_502,110
R1-1100um-top-to-bottom-center_frame_232_patch_3.png,image_249.jpg,1,0,0,0,1,R1-1100um-top-to-bottom-center_frame_232,100
R1-1000um-top-to-bottom-center_frame_338_patch_4.png,image_250.jpg,1,0,0,0,1,R1-1000um-top-to-bottom-center_frame_338,100
R1-600um-top-to-bottom-center_frame_63_patch_6.png,image_251.jpg,0,0,1,0,1,R1-600um-top-to-bottom-center_frame_63,001
R1-600um-top-to-bottom-center_frame_407_patch_7.png,image_252.jpg,1,0,0,0,1,R1-600um-top-to-bottom-center_frame_407,100
R1-1100um-top-to-bottom-center_frame_183_patch_5.png,image_255.jpg,1,0,0,0,1,R1-1100um-top-to-bottom-center_frame_183,100
R1-1100um-top-to-bottom-center_frame_297_patch_8.png,image_257.jpg,1,0,0,0,1,R1-1100um-top-to-bottom-center_frame_297,100
R1-700um-top-to-bottom-center_frame_334_patch_5.png,image_258.jpg,1,0,1,0,2,R1-700um-top-to-bottom-center_frame_334,101
R1-1100um-top-to-bottom-center_frame_232_patch_7.png,image_259.jpg,1,0,0,0,1,R1-1100um-top-to-bottom-center_frame_232,100
R1-800um-top-to-bottom-center_frame_367_patch_5.png,image_260.jpg,1,0,1,0,2,R1-800um-top-to-bottom-center_frame_367,101
R1-1100um-top-to-bottom-center_frame_384_patch_4.png,image_261.jpg,1,0,1,0,2,R1-1100um-top-to-bottom-center_frame_384,101
R1-1100um-top-to-bottom-center-1_frame_280_patch_8.png,image_262.jpg,1,0,1,0,2,R1-1100um-top-to-bottom-center-1_frame_280,101
R1-800um-top-to-bottom-center_frame_608_patch_3.png,image_263.jpg,1,0,0,0,1,R1-800um-top-to-bottom-center_frame_608,100
R7-700um-middle_frame_221_patch_0.png,image_264.jpg,1,0,0,0,1,R7-700um-middle_frame_221,100
R1-900um-top-to-bottom-center_frame_152_patch_1.png,image_266.jpg,1,0,1,0,2,R1-900um-top-to-bottom-center_frame_152,101
R1-1100um-top-to-bottom-center_frame_297_patch_6.png,image_267.jpg,1,0,0,0,1,R1-1100um-top-to-bottom-center_frame_297,100
R1-1100um-top-to-bottom-center_frame_356_patch_4.png,image_268.jpg,1,0,0,0,1,R1-1100um-top-to-bottom-center_frame_356,100
R1-1100um-top-to-bottom-center-1_frame_342_patch_6.png,image_269.jpg,1,0,0,0,1,R1-1100um-top-to-bottom-center-1_frame_342,100
R1-900um-top-to-bottom-center_frame_263_patch_6.png,image_270.jpg,1,0,0,0,1,R1-900um-top-to-bottom-center_frame_263,100
R1-1100um-top-to-bottom-center-1_frame_402_patch_6.png,image_271.jpg,1,0,0,0,1,R1-1100um-top-to-bottom-center-1_frame_402,100
R1-700um-top-to-bottom-center_frame_570_patch_8.png,image_272.jpg,1,0,0,0,1,R1-700um-top-to-bottom-center_frame_570,100
R1-1100um-top-to-bottom-center-1_frame_481_patch_6.png,image_273.jpg,1,1,0,0,2,R1-1100um-top-to-bottom-center-1_frame_481,110
R1-800um-top-to-bottom-center_frame_641_patch_5.png,image_275.jpg,1,0,0,0,1,R1-800um-top-to-bottom-center_frame_641,100
R7-700um-middle_frame_500_patch_3.png,image_276.jpg,1,0,0,0,1,R7-700um-middle_frame_500,100
R7-700um-middle_frame_251_patch_1.png,image_279.jpg,0,0,1,0,1,R7-700um-middle_frame_251,001
R1-1100um-top-to-bottom-center_frame_191_patch_8.png,image_280.jpg,1,0,0,0,1,R1-1100um-top-to-bottom-center_frame_191,100
R1-1000um-top-to-bottom-center_frame_287_patch_2.png,image_282.jpg,1,0,0,0,1,R1-1000um-top-to-bottom-center_frame_287,100
R1-800um-top-to-bottom-center_frame_638_patch_4.png,image_285.jpg,1,1,0,0,2,R1-800um-top-to-bottom-center_frame_638,110
R1-1100um-top-to-bottom-center-1_frame_425_patch_8.png,image_287.jpg,1,1,0,0,2,R1-1100um-top-to-bottom-center-1_frame_425,110
R1-1000um-top-to-bottom-center_frame_458_patch_8.png,image_288.jpg,1,0,0,0,1,R1-1000um-top-to-bottom-center_frame_458,100
R1-1100um-top-to-bottom-center_frame_43_patch_1.png,image_292.jpg,1,0,0,0,1,R1-1100um-top-to-bottom-center_frame_43,100
R1-1100um-top-to-bottom-center_frame_262_patch_2.png,image_293.jpg,1,0,0,0,1,R1-1100um-top-to-bottom-center_frame_262,100
R1-1100um-top-to-bottom-center_frame_98_patch_4.png,image_294.jpg,1,0,1,0,2,R1-1100um-top-to-bottom-center_frame_98,101
R1-600um-top-to-bottom-center_frame_586_patch_5.png,image_295.jpg,1,0,0,0,1,R1-600um-top-to-bottom-center_frame_586,100
R1-700um-top-to-bottom-center_frame_64_patch_1.png,image_296.jpg,0,0,1,0,1,R1-700um-top-to-bottom-center_frame_64,001
R1-900um-top-to-bottom-center_frame_434_patch_6.png,image_297.jpg,1,0,0,0,1,R1-900um-top-to-bottom-center_frame_434,100
R1-1100um-top-to-bottom-center-1_frame_447_patch_1.png,image_298.jpg,1,0,0,0,1,R1-1100um-top-to-bottom-center-1_frame_447,100
R1-1100um-top-to-bottom-center_frame_177_patch_2.png,image_299.jpg,1,0,0,0,1,R1-1100um-top-to-bottom-center_frame_177,100
R1-1100um-top-to-bottom-center-1_frame_280_patch_1.png,image_301.jpg,1,0,0,0,1,R1-1100um-top-to-bottom-center-1_frame_280,100
R1-1100um-top-to-bottom-center-1_frame_447_patch_2.png,image_303.jpg,1,1,0,0,2,R1-1100um-top-to-bottom-center-1_frame_447,110
R1-1100um-top-to-bottom-center-1_frame_241_patch_4.png,image_305.jpg,1,0,0,0,1,R1-1100um-top-to-bottom-center-1_frame_241,100
R1-1100um-top-to-bottom-center_frame_177_patch_8.png,image_306.jpg,1,0,0,0,1,R1-1100um-top-to-bottom-center_frame_177,100
R1-700um-top-to-bottom-center_frame_597_patch_5.png,image_309.jpg,1,0,0,0,1,R1-700um-top-to-bottom-center_frame_597,100
R1-900um-top-to-bottom-center_frame_362_patch_5.png,image_311.jpg,1,0,0,0,1,R1-900um-top-to-bottom-center_frame_362,100
R1-900um-top-to-bottom-center_frame_290_patch_4.png,image_314.jpg,1,0,0,0,1,R1-900um-top-to-bottom-center_frame_290,100
R1-800um-top-to-bottom-center_frame_641_patch_7.png,image_317.jpg,1,1,1,0,3,R1-800um-top-to-bottom-center_frame_641,111
R1-600um-top-to-bottom-center_frame_394_patch_4.png,image_318.jpg,1,0,0,0,1,R1-600um-top-to-bottom-center_frame_394,100
R1-900um-top-to-bottom-center_frame_316_patch_2.png,image_319.jpg,1,0,0,0,1,R1-900um-top-to-bottom-center_frame_316,100
R1-1100um-top-to-bottom-center_frame_83_patch_5.png,image_320.jpg,1,0,0,0,1,R1-1100um-top-to-bottom-center_frame_83,100
R1-1000um-top-to-bottom-center_frame_384_patch_3.png,image_321.jpg,1,0,1,0,2,R1-1000um-top-to-bottom-center_frame_384,101
R1-900um-top-to-bottom-center_frame_275_patch_7.png,image_322.jpg,1,0,0,0,1,R1-900um-top-to-bottom-center_frame_275,100
R1-900um-top-to-bottom-center_frame_263_patch_2.png,image_324.jpg,1,0,0,0,1,R1-900um-top-to-bottom-center_frame_263,100
R1-1100um-top-to-bottom-center-1_frame_280_patch_0.png,image_325.jpg,1,0,0,0,1,R1-1100um-top-to-bottom-center-1_frame_280,100
R1-900um-top-to-bottom-center_frame_332_patch_8.png,image_327.jpg,1,0,0,0,1,R1-900um-top-to-bottom-center_frame_332,100
R1-1000um-top-to-bottom-center_frame_245_patch_3.png,image_330.jpg,1,0,0,0,1,R1-1000um-top-to-bottom-center_frame_245,100
R1-1000um-top-to-bottom-center_frame_287_patch_5.png,image_331.jpg,1,0,0,0,1,R1-1000um-top-to-bottom-center_frame_287,100
R1-900um-top-to-bottom-center_frame_486_patch_5.png,image_332.jpg,1,0,0,0,1,R1-900um-top-to-bottom-center_frame_486,100
R1-1000um-top-to-bottom-center_frame_287_patch_0.png,image_333.jpg,1,0,0,0,1,R1-1000um-top-to-bottom-center_frame_287,100
R1-1100um-top-to-bottom-center_frame_297_patch_2.png,image_335.jpg,1,0,0,0,1,R1-1100um-top-to-bottom-center_frame_297,100
R1-1100um-top-to-bottom-center-1_frame_205_patch_0.png,image_336.jpg,1,0,0,0,1,R1-1100um-top-to-bottom-center-1_frame_205,100
R1-900um-top-to-bottom-center_frame_565_patch_3.png,image_338.jpg,1,0,0,0,1,R1-900um-top-to-bottom-center_frame_565,100
R1-600um-top-to-bottom-center_frame_182_patch_3.png,image_340.jpg,0,0,1,0,1,R1-600um-top-to-bottom-center_frame_182,001
R7-700um-middle_frame_97_patch_6.png,image_341.jpg,1,1,0,0,2,R7-700um-middle_frame_97,110
R1-600um-top-to-bottom-center_frame_203_patch_8.png,image_342.jpg,0,0,1,0,1,R1-600um-top-to-bottom-center_frame_203,001
R1-1100um-top-to-bottom-center_frame_52_patch_3.png,image_343.jpg,1,0,0,0,1,R1-1100um-top-to-bottom-center_frame_52,100
R1-1100um-top-to-bottom-center-1_frame_235_patch_3.png,image_344.jpg,1,0,0,0,1,R1-1100um-top-to-bottom-center-1_frame_235,100
R1-700um-top-to-bottom-center_frame_648_patch_2.png,image_345.jpg,1,0,0,0,1,R1-700um-top-to-bottom-center_frame_648,100
R1-900um-top-to-bottom-center_frame_376_patch_3.png,image_346.jpg,1,0,0,0,1,R1-900um-top-to-bottom-center_frame_376,100
R1-600um-top-to-bottom-center_frame_631_patch_6.png,image_347.jpg,1,0,0,0,1,R1-600um-top-to-bottom-center_frame_631,100
R1-700um-top-to-bottom-center_frame_41_patch_6.png,image_348.jpg,0,0,1,0,1,R1-700um-top-to-bottom-center_frame_41,001
R1-600um-top-to-bottom-center_frame_622_patch_6.png,image_349.jpg,1,0,1,0,2,R1-600um-top-to-bottom-center_frame_622,101
R1-800um-top-to-bottom-center_frame_367_patch_1.png,image_350.jpg,1,0,0,0,1,R1-800um-top-to-bottom-center_frame_367,100
R1-800um-top-to-bottom-center_frame_318_patch_4.png,image_352.jpg,1,0,1,0,2,R1-800um-top-to-bottom-center_frame_318,101
R1-1100um-top-to-bottom-center_frame_287_patch_3.png,image_353.jpg,1,0,0,0,1,R1-1100um-top-to-bottom-center_frame_287,100
R7-700um-middle_frame_558_patch_0.png,image_354.jpg,0,1,0,0,1,R7-700um-middle_frame_558,010
R1-600um-top-to-bottom-center_frame_412_patch_3.png,image_355.jpg,1,0,0,0,1,R1-600um-top-to-bottom-center_frame_412,100
R1-1000um-top-to-bottom-center_frame_225_patch_8.png,image_356.jpg,1,0,0,0,1,R1-1000um-top-to-bottom-center_frame_225,100
R1-1100um-top-to-bottom-center-1_frame_235_patch_4.png,image_357.jpg,1,0,0,0,1,R1-1100um-top-to-bottom-center-1_frame_235,100
R1-800um-top-to-bottom-center_frame_413_patch_1.png,image_358.jpg,1,0,1,0,2,R1-800um-top-to-bottom-center_frame_413,101
R1-600um-top-to-bottom-center_frame_418_patch_6.png,image_359.jpg,1,0,0,0,1,R1-600um-top-to-bottom-center_frame_418,100
R1-700um-top-to-bottom-center_frame_254_patch_7.png,image_360.jpg,0,0,1,0,1,R1-700um-top-to-bottom-center_frame_254,001
R1-1100um-top-to-bottom-center_frame_361_patch_2.png,image_361.jpg,1,0,0,0,1,R1-1100um-top-to-bottom-center_frame_361,100
R1-900um-top-to-bottom-center_frame_512_patch_2.png,image_362.jpg,1,0,1,0,2,R1-900um-top-to-bottom-center_frame_512,101
R1-1000um-top-to-bottom-center_frame_209_patch_4.png,image_363.jpg,1,0,0,0,1,R1-1000um-top-to-bottom-center_frame_209,100
R1-1100um-top-to-bottom-center_frame_370_patch_5.png,image_364.jpg,1,0,1,0,2,R1-1100um-top-to-bottom-center_frame_370,101
R1-800um-top-to-bottom-center_frame_413_patch_5.png,image_365.jpg,1,0,0,0,1,R1-800um-top-to-bottom-center_frame_413,100
R7-700um-middle_frame_97_patch_2.png,image_366.jpg,1,0,0,0,1,R7-700um-middle_frame_97,100
R1-1000um-top-to-bottom-center_frame_434_patch_1.png,image_367.jpg,1,1,0,0,2,R1-1000um-top-to-bottom-center_frame_434,110
R1-1000um-top-to-bottom-center_frame_384_patch_0.png,image_368.jpg,1,0,0,0,1,R1-1000um-top-to-bottom-center_frame_384,100
R1-700um-top-to-bottom-center_frame_228_patch_1.png,image_370.jpg,1,0,1,0,2,R1-700um-top-to-bottom-center_frame_228,101
R7-700um-middle_frame_574_patch_1.png,image_371.jpg,0,1,0,0,1,R7-700um-middle_frame_574,010
R1-900um-top-to-bottom-center_frame_194_patch_6.png,image_373.jpg,1,0,0,0,1,R1-900um-top-to-bottom-center_frame_194,100
R1-900um-top-to-bottom-center_frame_486_patch_4.png,image_374.jpg,1,0,0,0,1,R1-900um-top-to-bottom-center_frame_486,100
R1-700um-top-to-bottom-center_frame_41_patch_4.png,image_375.jpg,1,0,0,0,1,R1-700um-top-to-bottom-center_frame_41,100
R1-1100um-top-to-bottom-center-1_frame_96_patch_3.png,image_376.jpg,1,0,0,0,1,R1-1100um-top-to-bottom-center-1_frame_96,100
R1-900um-top-to-bottom-center_frame_434_patch_2.png,image_378.jpg,1,0,0,0,1,R1-900um-top-to-bottom-center_frame_434,100
R1-900um-top-to-bottom-center_frame_565_patch_8.png,image_379.jpg,1,1,0,0,2,R1-900um-top-to-bottom-center_frame_565,110
R1-1000um-top-to-bottom-center_frame_173_patch_7.png,image_383.jpg,1,0,0,0,1,R1-1000um-top-to-bottom-center_frame_173,100
R1-900um-top-to-bottom-center_frame_234_patch_7.png,image_385.jpg,1,0,0,0,1,R1-900um-top-to-bottom-center_frame_234,100
R1-700um-top-to-bottom-center_frame_329_patch_8.png,image_386.jpg,1,0,0,0,1,R1-700um-top-to-bottom-center_frame_329,100
R1-900um-top-to-bottom-center_frame_275_patch_5.png,image_387.jpg,1,0,0,0,1,R1-900um-top-to-bottom-center_frame_275,100
R1-900um-top-to-bottom-center_frame_434_patch_1.png,image_388.jpg,1,0,0,0,1,R1-900um-top-to-bottom-center_frame_434,100
R1-1100um-top-to-bottom-center_frame_128_patch_4.png,image_389.jpg,1,0,0,0,1,R1-1100um-top-to-bottom-center_frame_128,100
R1-1100um-top-to-bottom-center_frame_254_patch_1.png,image_391.jpg,1,0,0,0,1,R1-1100um-top-to-bottom-center_frame_254,100
R1-800um-top-to-bottom-center_frame_641_patch_6.png,image_393.jpg,1,1,0,0,2,R1-800um-top-to-bottom-center_frame_641,110
R1-1100um-top-to-bottom-center_frame_220_patch_7.png,image_394.jpg,1,0,0,0,1,R1-1100um-top-to-bottom-center_frame_220,100
R1-1100um-top-to-bottom-center-1_frame_169_patch_2.png,image_395.jpg,1,0,0,0,1,R1-1100um-top-to-bottom-center-1_frame_169,100
R1-600um-top-to-bottom-center_frame_586_patch_3.png,image_396.jpg,1,0,0,0,1,R1-600um-top-to-bottom-center_frame_586,100
R1-700um-top-to-bottom-center_frame_260_patch_0.png,image_398.jpg,1,0,1,0,2,R1-700um-top-to-bottom-center_frame_260,101
R1-900um-top-to-bottom-center_frame_316_patch_5.png,image_400.jpg,1,0,0,0,1,R1-900um-top-to-bottom-center_frame_316,100
R1-1000um-top-to-bottom-center_frame_245_patch_7.png,image_404.jpg,1,0,0,0,1,R1-1000um-top-to-bottom-center_frame_245,100
R1-600um-top-to-bottom-center_frame_594_patch_0.png,image_405.jpg,1,0,1,0,2,R1-600um-top-to-bottom-center_frame_594,101
R1-900um-top-to-bottom-center_frame_493_patch_2.png,image_407.jpg,1,0,1,0,2,R1-900um-top-to-bottom-center_frame_493,101
R1-1100um-top-to-bottom-center_frame_83_patch_4.png,image_408.jpg,1,0,0,0,1,R1-1100um-top-to-bottom-center_frame_83,100
R7-700um-middle_frame_566_patch_7.png,image_409.jpg,1,0,0,0,1,R7-700um-middle_frame_566,100
R1-1100um-top-to-bottom-center-1_frame_468_patch_7.png,image_411.jpg,1,0,0,0,1,R1-1100um-top-to-bottom-center-1_frame_468,100
R1-800um-top-to-bottom-center_frame_255_patch_0.png,image_412.jpg,0,0,1,0,1,R1-800um-top-to-bottom-center_frame_255,001
R1-1100um-top-to-bottom-center-1_frame_205_patch_1.png,image_414.jpg,1,0,0,0,1,R1-1100um-top-to-bottom-center-1_frame_205,100
R1-1100um-top-to-bottom-center_frame_327_patch_0.png,image_416.jpg,1,0,0,0,1,R1-1100um-top-to-bottom-center_frame_327,100
R1-700um-top-to-bottom-center_frame_570_patch_1.png,image_419.jpg,1,0,0,0,1,R1-700um-top-to-bottom-center_frame_570,100
R1-1100um-top-to-bottom-center_frame_175_patch_2.png,image_421.jpg,1,0,0,0,1,R1-1100um-top-to-bottom-center_frame_175,100
R1-1100um-top-to-bottom-center_frame_52_patch_7.png,image_422.jpg,1,0,1,0,2,R1-1100um-top-to-bottom-center_frame_52,101
R1-900um-top-to-bottom-center_frame_316_patch_8.png,image_423.jpg,1,0,0,0,1,R1-900um-top-to-bottom-center_frame_316,100
R1-900um-top-to-bottom-center_frame_221_patch_6.png,image_424.jpg,1,0,0,0,1,R1-900um-top-to-bottom-center_frame_221,100
R1-1100um-top-to-bottom-center_frame_254_patch_3.png,image_425.jpg,1,0,0,0,1,R1-1100um-top-to-bottom-center_frame_254,100
R1-1100um-top-to-bottom-center-1_frame_225_patch_6.png,image_427.jpg,1,0,0,0,1,R1-1100um-top-to-bottom-center-1_frame_225,100
R1-1100um-top-to-bottom-center_frame_223_patch_7.png,image_429.jpg,1,0,0,0,1,R1-1100um-top-to-bottom-center_frame_223,100
R1-900um-top-to-bottom-center_frame_288_patch_5.png,image_430.jpg,1,0,0,0,1,R1-900um-top-to-bottom-center_frame_288,100
R1-600um-top-to-bottom-center_frame_525_patch_2.png,image_431.jpg,1,0,1,0,2,R1-600um-top-to-bottom-center_frame_525,101
R1-1100um-top-to-bottom-center_frame_161_patch_7.png,image_433.jpg,1,0,0,0,1,R1-1100um-top-to-bottom-center_frame_161,100
R1-700um-top-to-bottom-center_frame_485_patch_3.png,image_434.jpg,1,0,0,0,1,R1-700um-top-to-bottom-center_frame_485,100
R1-800um-top-to-bottom-center_frame_170_patch_1.png,image_435.jpg,0,0,1,0,1,R1-800um-top-to-bottom-center_frame_170,001
R1-600um-top-to-bottom-center_frame_418_patch_5.png,image_436.jpg,1,0,0,0,1,R1-600um-top-to-bottom-center_frame_418,100
R1-1100um-top-to-bottom-center-1_frame_96_patch_8.png,image_438.jpg,1,0,0,0,1,R1-1100um-top-to-bottom-center-1_frame_96,100
R1-1100um-top-to-bottom-center_frame_177_patch_1.png,image_439.jpg,1,0,1,0,2,R1-1100um-top-to-bottom-center_frame_177,101
R1-900um-top-to-bottom-center_frame_362_patch_8.png,image_443.jpg,1,0,0,0,1,R1-900um-top-to-bottom-center_frame_362,100
R1-1100um-top-to-bottom-center-1_frame_481_patch_7.png,image_444.jpg,1,1,0,0,2,R1-1100um-top-to-bottom-center-1_frame_481,110
R1-600um-top-to-bottom-center_frame_403_patch_7.png,image_445.jpg,1,0,0,0,1,R1-600um-top-to-bottom-center_frame_403,100
R1-700um-top-to-bottom-center_frame_597_patch_7.png,image_448.jpg,1,0,0,0,1,R1-700um-top-to-bottom-center_frame_597,100
R1-1100um-top-to-bottom-center_frame_109_patch_8.png,image_454.jpg,1,0,0,0,1,R1-1100um-top-to-bottom-center_frame_109,100
R1-900um-top-to-bottom-center_frame_512_patch_8.png,image_455.jpg,1,0,0,0,1,R1-900um-top-to-bottom-center_frame_512,100
R1-1100um-top-to-bottom-center-1_frame_342_patch_1.png,image_456.jpg,1,0,0,0,1,R1-1100um-top-to-bottom-center-1_frame_342,100
R1-700um-top-to-bottom-center_frame_387_patch_0.png,image_458.jpg,1,0,0,0,1,R1-700um-top-to-bottom-center_frame_387,100
R7-700um-middle_frame_566_patch_6.png,image_459.jpg,1,0,0,0,1,R7-700um-middle_frame_566,100
R7-700um-middle_frame_553_patch_5.png,image_460.jpg,0,1,0,0,1,R7-700um-middle_frame_553,010
R1-1100um-top-to-bottom-center_frame_232_patch_6.png,image_462.jpg,1,0,0,0,1,R1-1100um-top-to-bottom-center_frame_232,100
R1-700um-top-to-bottom-center_frame_485_patch_4.png,image_463.jpg,1,0,0,0,1,R1-700um-top-to-bottom-center_frame_485,100
R1-1000um-top-to-bottom-center_frame_384_patch_8.png,image_465.jpg,1,0,0,0,1,R1-1000um-top-to-bottom-center_frame_384,100
R1-900um-top-to-bottom-center_frame_486_patch_3.png,image_466.jpg,1,0,0,0,1,R1-900um-top-to-bottom-center_frame_486,100
R1-1100um-top-to-bottom-center_frame_161_patch_0.png,image_467.jpg,1,0,0,0,1,R1-1100um-top-to-bottom-center_frame_161,100
R1-700um-top-to-bottom-center_frame_387_patch_4.png,image_468.jpg,1,0,0,0,1,R1-700um-top-to-bottom-center_frame_387,100
R1-700um-top-to-bottom-center_frame_570_patch_3.png,image_473.jpg,1,0,0,0,1,R1-700um-top-to-bottom-center_frame_570,100
R1-1100um-top-to-bottom-center_frame_254_patch_0.png,image_474.jpg,1,0,0,0,1,R1-1100um-top-to-bottom-center_frame_254,100
R1-600um-top-to-bottom-center_frame_403_patch_6.png,image_475.jpg,1,0,1,0,2,R1-600um-top-to-bottom-center_frame_403,101
R1-600um-top-to-bottom-center_frame_477_patch_3.png,image_476.jpg,1,0,0,0,1,R1-600um-top-to-bottom-center_frame_477,100
R1-600um-top-to-bottom-center_frame_622_patch_1.png,image_478.jpg,1,0,0,0,1,R1-600um-top-to-bottom-center_frame_622,100
R1-700um-top-to-bottom-center_frame_485_patch_0.png,image_479.jpg,1,0,0,0,1,R1-700um-top-to-bottom-center_frame_485,100
R1-1100um-top-to-bottom-center_frame_239_patch_1.png,image_480.jpg,1,0,1,0,2,R1-1100um-top-to-bottom-center_frame_239,101
R1-1000um-top-to-bottom-center_frame_222_patch_2.png,image_485.jpg,1,0,0,0,1,R1-1000um-top-to-bottom-center_frame_222,100
R1-800um-top-to-bottom-center_frame_492_patch_2.png,image_486.jpg,1,0,0,0,1,R1-800um-top-to-bottom-center_frame_492,100
R1-600um-top-to-bottom-center_frame_622_patch_2.png,image_487.jpg,1,0,0,0,1,R1-600um-top-to-bottom-center_frame_622,100
R1-900um-top-to-bottom-center_frame_347_patch_8.png,image_488.jpg,1,0,0,0,1,R1-900um-top-to-bottom-center_frame_347,100
R1-1100um-top-to-bottom-center-1_frame_205_patch_4.png,image_489.jpg,1,0,0,0,1,R1-1100um-top-to-bottom-center-1_frame_205,100
R1-700um-top-to-bottom-center_frame_228_patch_3.png,image_490.jpg,0,0,1,0,1,R1-700um-top-to-bottom-center_frame_228,001
R1-800um-top-to-bottom-center_frame_641_patch_1.png,image_492.jpg,1,0,0,0,1,R1-800um-top-to-bottom-center_frame_641,100
R1-1100um-top-to-bottom-center_frame_161_patch_1.png,image_494.jpg,1,0,0,0,1,R1-1100um-top-to-bottom-center_frame_161,100
R7-700um-middle_frame_97_patch_7.png,image_495.jpg,1,1,0,0,2,R7-700um-middle_frame_97,110
R1-600um-top-to-bottom-center_frame_412_patch_7.png,image_496.jpg,1,0,0,0,1,R1-600um-top-to-bottom-center_frame_412,100
R1-700um-top-to-bottom-center_frame_426_patch_5.png,image_497.jpg,1,0,0,0,1,R1-700um-top-to-bottom-center_frame_426,100
R1-1100um-top-to-bottom-center_frame_386_patch_2.png,image_498.jpg,1,0,0,0,1,R1-1100um-top-to-bottom-center_frame_386,100
R1-700um-top-to-bottom-center_frame_6_patch_2.png,image_499.jpg,1,0,1,0,2,R1-700um-top-to-bottom-center_frame_6,101
R1-900um-top-to-bottom-center_frame_234_patch_8.png,image_500.jpg,1,0,1,0,2,R1-900um-top-to-bottom-center_frame_234,101
R1-900um-top-to-bottom-center_frame_194_patch_1.png,image_501.jpg,1,0,0,0,1,R1-900um-top-to-bottom-center_frame_194,100
R1-1100um-top-to-bottom-center_frame_161_patch_3.png,image_502.jpg,1,0,0,0,1,R1-1100um-top-to-bottom-center_frame_161,100
R1-600um-top-to-bottom-center_frame_45_patch_6.png,image_503.jpg,0,0,1,0,1,R1-600um-top-to-bottom-center_frame_45,001
R1-1000um-top-to-bottom-center_frame_134_patch_0.png,image_507.jpg,1,0,0,0,1,R1-1000um-top-to-bottom-center_frame_134,100
R1-600um-top-to-bottom-center_frame_464_patch_0.png,image_508.jpg,1,0,0,0,1,R1-600um-top-to-bottom-center_frame_464,100
R1-1100um-top-to-bottom-center-1_frame_220_patch_2.png,image_510.jpg,1,0,0,0,1,R1-1100um-top-to-bottom-center-1_frame_220,100
R1-1100um-top-to-bottom-center-1_frame_280_patch_2.png,image_511.jpg,1,0,0,0,1,R1-1100um-top-to-bottom-center-1_frame_280,100
R1-1000um-top-to-bottom-center_frame_458_patch_2.png,image_513.jpg,1,0,0,0,1,R1-1000um-top-to-bottom-center_frame_458,100
R1-700um-top-to-bottom-center_frame_387_patch_3.png,image_514.jpg,1,0,0,0,1,R1-700um-top-to-bottom-center_frame_387,100
R1-800um-top-to-bottom-center_frame_554_patch_2.png,image_515.jpg,1,1,1,0,3,R1-800um-top-to-bottom-center_frame_554,111
R7-700um-middle_frame_212_patch_4.png,image_516.jpg,1,0,0,0,1,R7-700um-middle_frame_212,100
R1-1100um-top-to-bottom-center-1_frame_425_patch_0.png,image_517.jpg,1,1,0,0,2,R1-1100um-top-to-bottom-center-1_frame_425,110
R1-600um-top-to-bottom-center_frame_459_patch_0.png,image_520.jpg,1,0,0,0,1,R1-600um-top-to-bottom-center_frame_459,100
R1-600um-top-to-bottom-center_frame_586_patch_4.png,image_521.jpg,1,0,0,0,1,R1-600um-top-to-bottom-center_frame_586,100
R1-800um-top-to-bottom-center_frame_638_patch_7.png,image_522.jpg,1,1,1,0,3,R1-800um-top-to-bottom-center_frame_638,111
R1-700um-top-to-bottom-center_frame_556_patch_8.png,image_523.jpg,1,0,0,0,1,R1-700um-top-to-bottom-center_frame_556,100
R1-1000um-top-to-bottom-center_frame_209_patch_7.png,image_524.jpg,1,0,0,0,1,R1-1000um-top-to-bottom-center_frame_209,100
R1-1100um-top-to-bottom-center_frame_253_patch_6.png,image_525.jpg,1,0,0,0,1,R1-1100um-top-to-bottom-center_frame_253,100
R1-900um-top-to-bottom-center_frame_221_patch_5.png,image_527.jpg,1,0,1,0,2,R1-900um-top-to-bottom-center_frame_221,101
R7-700um-middle_frame_122_patch_1.png,image_528.jpg,1,0,0,0,1,R7-700um-middle_frame_122,100
R1-600um-top-to-bottom-center_frame_457_patch_8.png,image_530.jpg,1,0,0,0,1,R1-600um-top-to-bottom-center_frame_457,100
R1-600um-top-to-bottom-center_frame_603_patch_4.png,image_532.jpg,1,0,0,0,1,R1-600um-top-to-bottom-center_frame_603,100
R1-800um-top-to-bottom-center_frame_631_patch_4.png,image_534.jpg,1,1,0,0,2,R1-800um-top-to-bottom-center_frame_631,110
R1-1100um-top-to-bottom-center_frame_264_patch_0.png,image_535.jpg,1,0,0,0,1,R1-1100um-top-to-bottom-center_frame_264,100
R1-600um-top-to-bottom-center_frame_631_patch_0.png,image_536.jpg,1,0,0,0,1,R1-600um-top-to-bottom-center_frame_631,100
R1-1000um-top-to-bottom-center_frame_594_patch_5.png,image_537.jpg,1,0,0,0,1,R1-1000um-top-to-bottom-center_frame_594,100
R1-1100um-top-to-bottom-center-1_frame_488_patch_1.png,image_539.jpg,1,1,0,0,2,R1-1100um-top-to-bottom-center-1_frame_488,110
R1-800um-top-to-bottom-center_frame_304_patch_6.png,image_542.jpg,0,0,1,0,1,R1-800um-top-to-bottom-center_frame_304,001
R1-900um-top-to-bottom-center_frame_166_patch_4.png,image_544.jpg,1,0,0,0,1,R1-900um-top-to-bottom-center_frame_166,100
R1-800um-top-to-bottom-center_frame_492_patch_7.png,image_545.jpg,1,0,0,0,1,R1-800um-top-to-bottom-center_frame_492,100
R1-900um-top-to-bottom-center_frame_604_patch_5.png,image_546.jpg,1,0,0,0,1,R1-900um-top-to-bottom-center_frame_604,100
R1-1100um-top-to-bottom-center_frame_98_patch_2.png,image_548.jpg,1,0,0,0,1,R1-1100um-top-to-bottom-center_frame_98,100
R1-600um-top-to-bottom-center_frame_376_patch_5.png,image_550.jpg,1,0,0,0,1,R1-600um-top-to-bottom-center_frame_376,100
R1-1100um-top-to-bottom-center-1_frame_120_patch_4.png,image_551.jpg,1,0,0,0,1,R1-1100um-top-to-bottom-center-1_frame_120,100
R1-1000um-top-to-bottom-center_frame_245_patch_0.png,image_552.jpg,1,0,0,0,1,R1-1000um-top-to-bottom-center_frame_245,100
R1-900um-top-to-bottom-center_frame_234_patch_1.png,image_553.jpg,1,0,0,0,1,R1-900um-top-to-bottom-center_frame_234,100
R1-1000um-top-to-bottom-center_frame_209_patch_2.png,image_555.jpg,1,0,0,0,1,R1-1000um-top-to-bottom-center_frame_209,100
R1-1100um-top-to-bottom-center-1_frame_342_patch_5.png,image_559.jpg,1,0,0,0,1,R1-1100um-top-to-bottom-center-1_frame_342,100
R1-900um-top-to-bottom-center_frame_234_patch_5.png,image_560.jpg,1,0,0,0,1,R1-900um-top-to-bottom-center_frame_234,100
R1-700um-top-to-bottom-center_frame_386_patch_6.png,image_561.jpg,1,0,1,0,2,R1-700um-top-to-bottom-center_frame_386,101
R1-600um-top-to-bottom-center_frame_631_patch_1.png,image_562.jpg,1,0,0,0,1,R1-600um-top-to-bottom-center_frame_631,100
R1-1100um-top-to-bottom-center-1_frame_372_patch_1.png,image_563.jpg,1,1,0,0,2,R1-1100um-top-to-bottom-center-1_frame_372,110
R1-600um-top-to-bottom-center_frame_603_patch_1.png,image_565.jpg,1,0,1,0,2,R1-600um-top-to-bottom-center_frame_603,101
R1-700um-top-to-bottom-center_frame_648_patch_5.png,image_567.jpg,1,0,0,0,1,R1-700um-top-to-bottom-center_frame_648,100
R1-900um-top-to-bottom-center_frame_288_patch_2.png,image_568.jpg,1,0,0,0,1,R1-900um-top-to-bottom-center_frame_288,100
R7-700um-middle_frame_520_patch_3.png,image_569.jpg,1,0,1,0,2,R7-700um-middle_frame_520,101
R1-900um-top-to-bottom-center_frame_564_patch_4.png,image_570.jpg,1,0,0,0,1,R1-900um-top-to-bottom-center_frame_564,100
R1-1000um-top-to-bottom-center_frame_180_patch_5.png,image_571.jpg,1,0,0,0,1,R1-1000um-top-to-bottom-center_frame_180,100
R1-800um-top-to-bottom-center_frame_638_patch_2.png,image_572.jpg,1,0,0,0,1,R1-800um-top-to-bottom-center_frame_638,100
R1-1100um-top-to-bottom-center-1_frame_235_patch_8.png,image_575.jpg,1,0,0,0,1,R1-1100um-top-to-bottom-center-1_frame_235,100
R1-1100um-top-to-bottom-center-1_frame_397_patch_0.png,image_576.jpg,1,0,0,0,1,R1-1100um-top-to-bottom-center-1_frame_397,100
R1-900um-top-to-bottom-center_frame_347_patch_5.png,image_577.jpg,1,0,0,0,1,R1-900um-top-to-bottom-center_frame_347,100
R1-600um-top-to-bottom-center_frame_119_patch_4.png,image_578.jpg,0,0,1,0,1,R1-600um-top-to-bottom-center_frame_119,001
R7-700um-middle_frame_97_patch_8.png,image_580.jpg,1,0,0,0,1,R7-700um-middle_frame_97,100
R1-800um-top-to-bottom-center_frame_358_patch_7.png,image_581.jpg,1,0,0,0,1,R1-800um-top-to-bottom-center_frame_358,100
R1-1100um-top-to-bottom-center_frame_253_patch_7.png,image_582.jpg,1,0,0,0,1,R1-1100um-top-to-bottom-center_frame_253,100
R1-600um-top-to-bottom-center_frame_412_patch_8.png,image_584.jpg,1,0,0,0,1,R1-600um-top-to-bottom-center_frame_412,100
R1-900um-top-to-bottom-center_frame_37_patch_1.png,image_585.jpg,0,0,1,0,1,R1-900um-top-to-bottom-center_frame_37,001
R1-1100um-top-to-bottom-center_frame_327_patch_6.png,image_586.jpg,1,0,0,0,1,R1-1100um-top-to-bottom-center_frame_327,100
R1-1100um-top-to-bottom-center_frame_193_patch_2.png,image_588.jpg,1,0,0,0,1,R1-1100um-top-to-bottom-center_frame_193,100
R7-700um-middle_frame_253_patch_1.png,image_590.jpg,0,0,1,0,1,R7-700um-middle_frame_253,001
R1-1100um-top-to-bottom-center-1_frame_402_patch_0.png,image_591.jpg,1,0,0,0,1,R1-1100um-top-to-bottom-center-1_frame_402,100
R1-1100um-top-to-bottom-center-1_frame_220_patch_1.png,image_595.jpg,1,0,0,0,1,R1-1100um-top-to-bottom-center-1_frame_220,100
R1-1000um-top-to-bottom-center_frame_156_patch_2.png,image_596.jpg,1,0,0,0,1,R1-1000um-top-to-bottom-center_frame_156,100
R1-900um-top-to-bottom-center_frame_332_patch_0.png,image_597.jpg,1,0,0,0,1,R1-900um-top-to-bottom-center_frame_332,100
R1-900um-top-to-bottom-center_frame_486_patch_0.png,image_598.jpg,1,0,0,0,1,R1-900um-top-to-bottom-center_frame_486,100
R1-700um-top-to-bottom-center_frame_347_patch_8.png,image_599.jpg,1,0,1,0,2,R1-700um-top-to-bottom-center_frame_347,101
R1-1100um-top-to-bottom-center-1_frame_397_patch_5.png,image_601.jpg,1,1,0,0,2,R1-1100um-top-to-bottom-center-1_frame_397,110
R1-800um-top-to-bottom-center_frame_513_patch_6.png,image_603.jpg,1,0,0,0,1,R1-800um-top-to-bottom-center_frame_513,100
R1-900um-top-to-bottom-center_frame_486_patch_7.png,image_604.jpg,1,0,0,0,1,R1-900um-top-to-bottom-center_frame_486,100
R1-1100um-top-to-bottom-center-1_frame_250_patch_5.png,image_605.jpg,1,0,0,0,1,R1-1100um-top-to-bottom-center-1_frame_250,100
R1-900um-top-to-bottom-center_frame_418_patch_3.png,image_608.jpg,1,0,0,0,1,R1-900um-top-to-bottom-center_frame_418,100
R7-700um-middle_frame_500_patch_5.png,image_609.jpg,1,0,0,0,1,R7-700um-middle_frame_500,100
R1-600um-top-to-bottom-center_frame_203_patch_3.png,image_612.jpg,0,0,1,0,1,R1-600um-top-to-bottom-center_frame_203,001
R1-900um-top-to-bottom-center_frame_418_patch_8.png,image_613.jpg,1,0,0,0,1,R1-900um-top-to-bottom-center_frame_418,100
R1-700um-top-to-bottom-center_frame_329_patch_6.png,image_614.jpg,1,0,0,0,1,R1-700um-top-to-bottom-center_frame_329,100
R1-600um-top-to-bottom-center_frame_376_patch_8.png,image_617.jpg,1,0,0,0,1,R1-600um-top-to-bottom-center_frame_376,100
R1-1100um-top-to-bottom-center-1_frame_241_patch_6.png,image_621.jpg,1,0,0,0,1,R1-1100um-top-to-bottom-center-1_frame_241,100
R1-900um-top-to-bottom-center_frame_434_patch_5.png,image_622.jpg,1,0,0,0,1,R1-900um-top-to-bottom-center_frame_434,100
R1-1100um-top-to-bottom-center_frame_183_patch_2.png,image_623.jpg,1,0,0,0,1,R1-1100um-top-to-bottom-center_frame_183,100
R1-900um-top-to-bottom-center_frame_418_patch_6.png,image_624.jpg,1,0,0,0,1,R1-900um-top-to-bottom-center_frame_418,100
R1-600um-top-to-bottom-center_frame_152_patch_5.png,image_625.jpg,0,0,1,0,1,R1-600um-top-to-bottom-center_frame_152,001
R1-800um-top-to-bottom-center_frame_631_patch_6.png,image_627.jpg,1,1,0,0,2,R1-800um-top-to-bottom-center_frame_631,110
R1-1100um-top-to-bottom-center-1_frame_447_patch_4.png,image_630.jpg,1,1,0,0,2,R1-1100um-top-to-bottom-center-1_frame_447,110
R1-1000um-top-to-bottom-center_frame_225_patch_3.png,image_631.jpg,1,0,0,0,1,R1-1000um-top-to-bottom-center_frame_225,100
R1-900um-top-to-bottom-center_frame_565_patch_1.png,image_633.jpg,1,0,0,0,1,R1-900um-top-to-bottom-center_frame_565,100
R1-900um-top-to-bottom-center_frame_275_patch_0.png,image_634.jpg,1,0,0,0,1,R1-900um-top-to-bottom-center_frame_275,100
R1-1000um-top-to-bottom-center_frame_551_patch_2.png,image_639.jpg,1,1,0,0,2,R1-1000um-top-to-bottom-center_frame_551,110
R1-1000um-top-to-bottom-center_frame_180_patch_1.png,image_640.jpg,1,0,0,0,1,R1-1000um-top-to-bottom-center_frame_180,100
R1-1100um-top-to-bottom-center_frame_356_patch_6.png,image_643.jpg,1,0,0,0,1,R1-1100um-top-to-bottom-center_frame_356,100
R1-1100um-top-to-bottom-center_frame_287_patch_1.png,image_644.jpg,1,0,0,0,1,R1-1100um-top-to-bottom-center_frame_287,100
R1-1100um-top-to-bottom-center_frame_144_patch_8.png,image_647.jpg,0,0,1,0,1,R1-1100um-top-to-bottom-center_frame_144,001
R1-600um-top-to-bottom-center_frame_356_patch_5.png,image_648.jpg,1,0,0,0,1,R1-600um-top-to-bottom-center_frame_356,100
R1-1100um-top-to-bottom-center-1_frame_488_patch_4.png,image_650.jpg,1,1,0,0,2,R1-1100um-top-to-bottom-center-1_frame_488,110
R1-600um-top-to-bottom-center_frame_631_patch_7.png,image_651.jpg,1,0,1,0,2,R1-600um-top-to-bottom-center_frame_631,101
R1-600um-top-to-bottom-center_frame_622_patch_0.png,image_652.jpg,1,0,0,0,1,R1-600um-top-to-bottom-center_frame_622,100
R1-800um-top-to-bottom-center_frame_554_patch_7.png,image_653.jpg,1,0,0,0,1,R1-800um-top-to-bottom-center_frame_554,100
R1-600um-top-to-bottom-center_frame_174_patch_0.png,image_654.jpg,0,0,1,0,1,R1-600um-top-to-bottom-center_frame_174,001
R1-1100um-top-to-bottom-center_frame_245_patch_3.png,image_659.jpg,1,0,1,0,2,R1-1100um-top-to-bottom-center_frame_245,101
R1-1100um-top-to-bottom-center_frame_264_patch_6.png,image_660.jpg,1,0,0,0,1,R1-1100um-top-to-bottom-center_frame_264,100
R1-700um-top-to-bottom-center_frame_505_patch_6.png,image_661.jpg,1,0,0,0,1,R1-700um-top-to-bottom-center_frame_505,100
R1-1100um-top-to-bottom-center-1_frame_372_patch_8.png,image_663.jpg,1,0,0,0,1,R1-1100um-top-to-bottom-center-1_frame_372,100
R1-1000um-top-to-bottom-center_frame_134_patch_1.png,image_664.jpg,1,0,0,0,1,R1-1000um-top-to-bottom-center_frame_134,100
R1-1100um-top-to-bottom-center_frame_281_patch_8.png,image_666.jpg,1,0,0,0,1,R1-1100um-top-to-bottom-center_frame_281,100
R7-700um-middle_frame_503_patch_7.png,image_671.jpg,1,0,0,0,1,R7-700um-middle_frame_503,100
R1-800um-top-to-bottom-center_frame_623_patch_3.png,image_673.jpg,1,1,0,0,2,R1-800um-top-to-bottom-center_frame_623,110
R1-1100um-top-to-bottom-center_frame_86_patch_5.png,image_674.jpg,1,0,0,0,1,R1-1100um-top-to-bottom-center_frame_86,100
R1-1000um-top-to-bottom-center_frame_384_patch_4.png,image_675.jpg,1,0,0,0,1,R1-1000um-top-to-bottom-center_frame_384,100
R1-1100um-top-to-bottom-center_frame_220_patch_0.png,image_677.jpg,1,0,0,0,1,R1-1100um-top-to-bottom-center_frame_220,100
R1-1000um-top-to-bottom-center_frame_222_patch_7.png,image_678.jpg,1,0,0,0,1,R1-1000um-top-to-bottom-center_frame_222,100
R7-700um-middle_frame_512_patch_3.png,image_679.jpg,1,0,1,0,2,R7-700um-middle_frame_512,101
R1-1000um-top-to-bottom-center_frame_156_patch_0.png,image_680.jpg,1,0,1,0,2,R1-1000um-top-to-bottom-center_frame_156,101
R7-700um-middle_frame_520_patch_0.png,image_681.jpg,1,0,0,0,1,R7-700um-middle_frame_520,100
R1-1100um-top-to-bottom-center_frame_287_patch_2.png,image_682.jpg,1,0,0,0,1,R1-1100um-top-to-bottom-center_frame_287,100
R1-1100um-top-to-bottom-center_frame_43_patch_6.png,image_683.jpg,1,0,0,0,1,R1-1100um-top-to-bottom-center_frame_43,100
R1-700um-top-to-bottom-center_frame_364_patch_5.png,image_684.jpg,1,0,1,0,2,R1-700um-top-to-bottom-center_frame_364,101
R1-900um-top-to-bottom-center_frame_565_patch_0.png,image_685.jpg,1,0,0,0,1,R1-900um-top-to-bottom-center_frame_565,100
R1-1100um-top-to-bottom-center_frame_98_patch_0.png,image_686.jpg,1,0,1,0,2,R1-1100um-top-to-bottom-center_frame_98,101
R1-1100um-top-to-bottom-center-1_frame_521_patch_6.png,image_687.jpg,1,1,0,0,2,R1-1100um-top-to-bottom-center-1_frame_521,110
R1-900um-top-to-bottom-center_frame_275_patch_8.png,image_688.jpg,1,0,0,0,1,R1-900um-top-to-bottom-center_frame_275,100
R1-1100um-top-to-bottom-center_frame_109_patch_5.png,image_690.jpg,1,0,0,0,1,R1-1100um-top-to-bottom-center_frame_109,100
R7-700um-middle_frame_503_patch_3.png,image_693.jpg,1,0,0,0,1,R7-700um-middle_frame_503,100
R1-1100um-top-to-bottom-center_frame_144_patch_2.png,image_694.jpg,1,0,0,0,1,R1-1100um-top-to-bottom-center_frame_144,100
R1-800um-top-to-bottom-center_frame_358_patch_2.png,image_695.jpg,1,0,1,0,2,R1-800um-top-to-bottom-center_frame_358,101
R1-1100um-top-to-bottom-center_frame_52_patch_2.png,image_696.jpg,1,0,1,0,2,R1-1100um-top-to-bottom-center_frame_52,101
R1-900um-top-to-bottom-center_frame_275_patch_2.png,image_697.jpg,1,0,0,0,1,R1-900um-top-to-bottom-center_frame_275,100
R1-700um-top-to-bottom-center_frame_329_patch_3.png,image_698.jpg,1,0,0,0,1,R1-700um-top-to-bottom-center_frame_329,100
R1-700um-top-to-bottom-center_frame_556_patch_3.png,image_699.jpg,1,0,1,0,2,R1-700um-top-to-bottom-center_frame_556,101
R1-1100um-top-to-bottom-center_frame_179_patch_8.png,image_700.jpg,1,0,0,0,1,R1-1100um-top-to-bottom-center_frame_179,100
R1-1100um-top-to-bottom-center_frame_297_patch_1.png,image_701.jpg,1,0,0,0,1,R1-1100um-top-to-bottom-center_frame_297,100
R1-600um-top-to-bottom-center_frame_511_patch_2.png,image_702.jpg,1,0,0,0,1,R1-600um-top-to-bottom-center_frame_511,100
R1-600um-top-to-bottom-center_frame_525_patch_7.png,image_703.jpg,1,0,0,0,1,R1-600um-top-to-bottom-center_frame_525,100
R1-800um-top-to-bottom-center_frame_513_patch_3.png,image_704.jpg,1,0,0,0,1,R1-800um-top-to-bottom-center_frame_513,100
R1-1100um-top-to-bottom-center-1_frame_470_patch_8.png,image_705.jpg,1,0,0,0,1,R1-1100um-top-to-bottom-center-1_frame_470,100
R1-1100um-top-to-bottom-center_frame_193_patch_5.png,image_706.jpg,1,0,0,0,1,R1-1100um-top-to-bottom-center_frame_193,100
R1-1100um-top-to-bottom-center-1_frame_267_patch_5.png,image_708.jpg,1,0,1,0,2,R1-1100um-top-to-bottom-center-1_frame_267,101
R1-600um-top-to-bottom-center_frame_58_patch_4.png,image_709.jpg,0,0,1,0,1,R1-600um-top-to-bottom-center_frame_58,001
R1-1100um-top-to-bottom-center_frame_232_patch_2.png,image_710.jpg,1,0,0,0,1,R1-1100um-top-to-bottom-center_frame_232,100
R1-900um-top-to-bottom-center_frame_376_patch_4.png,image_711.jpg,1,0,0,0,1,R1-900um-top-to-bottom-center_frame_376,100
R1-800um-top-to-bottom-center_frame_513_patch_1.png,image_712.jpg,1,0,0,0,1,R1-800um-top-to-bottom-center_frame_513,100
R1-700um-top-to-bottom-center_frame_217_patch_8.png,image_713.jpg,0,0,1,0,1,R1-700um-top-to-bottom-center_frame_217,001
R1-1100um-top-to-bottom-center_frame_384_patch_3.png,image_714.jpg,1,0,0,0,1,R1-1100um-top-to-bottom-center_frame_384,100
R1-600um-top-to-bottom-center_frame_41_patch_0.png,image_716.jpg,0,0,1,0,1,R1-600um-top-to-bottom-center_frame_41,001
R1-900um-top-to-bottom-center_frame_234_patch_2.png,image_717.jpg,1,0,0,0,1,R1-900um-top-to-bottom-center_frame_234,100
R1-1000um-top-to-bottom-center_frame_173_patch_4.png,image_718.jpg,1,0,0,0,1,R1-1000um-top-to-bottom-center_frame_173,100
R1-800um-top-to-bottom-center_frame_318_patch_1.png,image_719.jpg,1,0,0,0,1,R1-800um-top-to-bottom-center_frame_318,100
R1-1100um-top-to-bottom-center-1_frame_425_patch_1.png,image_721.jpg,1,1,1,0,3,R1-1100um-top-to-bottom-center-1_frame_425,111
R1-600um-top-to-bottom-center_frame_376_patch_6.png,image_722.jpg,1,0,0,0,1,R1-600um-top-to-bottom-center_frame_376,100
R1-900um-top-to-bottom-center_frame_486_patch_1.png,image_723.jpg,1,0,1,0,2,R1-900um-top-to-bottom-center_frame_486,101
R1-700um-top-to-bottom-center_frame_334_patch_7.png,image_724.jpg,1,0,0,0,1,R1-700um-top-to-bottom-center_frame_334,100
R1-900um-top-to-bottom-center_frame_332_patch_5.png,image_725.jpg,1,0,0,0,1,R1-900um-top-to-bottom-center_frame_332,100
R7-700um-middle_frame_512_patch_5.png,image_726.jpg,1,0,0,0,1,R7-700um-middle_frame_512,100
R1-1100um-top-to-bottom-center_frame_218_patch_4.png,image_727.jpg,1,0,0,0,1,R1-1100um-top-to-bottom-center_frame_218,100
R1-600um-top-to-bottom-center_frame_51_patch_2.png,image_728.jpg,0,0,1,0,1,R1-600um-top-to-bottom-center_frame_51,001
R1-1000um-top-to-bottom-center_frame_434_patch_2.png,image_729.jpg,1,0,0,0,1,R1-1000um-top-to-bottom-center_frame_434,100
R1-1100um-top-to-bottom-center_frame_277_patch_2.png,image_730.jpg,1,0,1,0,2,R1-1100um-top-to-bottom-center_frame_277,101
R1-1100um-top-to-bottom-center-1_frame_481_patch_0.png,image_731.jpg,1,1,0,0,2,R1-1100um-top-to-bottom-center-1_frame_481,110
R1-800um-top-to-bottom-center_frame_367_patch_3.png,image_732.jpg,1,0,0,0,1,R1-800um-top-to-bottom-center_frame_367,100
R1-1000um-top-to-bottom-center_frame_209_patch_0.png,image_735.jpg,1,0,0,0,1,R1-1000um-top-to-bottom-center_frame_209,100
R1-1100um-top-to-bottom-center_frame_86_patch_2.png,image_737.jpg,1,0,0,0,1,R1-1100um-top-to-bottom-center_frame_86,100
R1-800um-top-to-bottom-center_frame_631_patch_0.png,image_738.jpg,1,1,0,0,2,R1-800um-top-to-bottom-center_frame_631,110
R1-800um-top-to-bottom-center_frame_72_patch_7.png,image_740.jpg,0,0,1,0,1,R1-800um-top-to-bottom-center_frame_72,001
R1-900um-top-to-bottom-center_frame_179_patch_5.png,image_741.jpg,1,0,0,0,1,R1-900um-top-to-bottom-center_frame_179,100
R1-600um-top-to-bottom-center_frame_114_patch_7.png,image_745.jpg,0,0,1,0,1,R1-600um-top-to-bottom-center_frame_114,001
R1-1100um-top-to-bottom-center-1_frame_169_patch_6.png,image_748.jpg,1,0,0,0,1,R1-1100um-top-to-bottom-center-1_frame_169,100
R1-1100um-top-to-bottom-center_frame_191_patch_7.png,image_749.jpg,1,0,0,0,1,R1-1100um-top-to-bottom-center_frame_191,100
R1-800um-top-to-bottom-center_frame_269_patch_5.png,image_751.jpg,0,0,1,0,1,R1-800um-top-to-bottom-center_frame_269,001
R1-1100um-top-to-bottom-center-1_frame_502_patch_5.png,image_753.jpg,1,1,0,0,2,R1-1100um-top-to-bottom-center-1_frame_502,110
R1-900um-top-to-bottom-center_frame_126_patch_2.png,image_754.jpg,1,0,1,0,2,R1-900um-top-to-bottom-center_frame_126,101
R1-700um-top-to-bottom-center_frame_225_patch_1.png,image_756.jpg,0,0,1,0,1,R1-700um-top-to-bottom-center_frame_225,001
R1-1100um-top-to-bottom-center_frame_193_patch_1.png,image_760.jpg,1,0,1,0,2,R1-1100um-top-to-bottom-center_frame_193,101
R1-900um-top-to-bottom-center_frame_564_patch_5.png,image_761.jpg,1,0,0,0,1,R1-900um-top-to-bottom-center_frame_564,100
R1-600um-top-to-bottom-center_frame_199_patch_3.png,image_762.jpg,0,0,1,0,1,R1-600um-top-to-bottom-center_frame_199,001
R1-600um-top-to-bottom-center_frame_459_patch_8.png,image_764.jpg,1,0,0,0,1,R1-600um-top-to-bottom-center_frame_459,100
R1-800um-top-to-bottom-center_frame_318_patch_2.png,image_765.jpg,1,0,0,0,1,R1-800um-top-to-bottom-center_frame_318,100
R7-700um-middle_frame_489_patch_2.png,image_766.jpg,1,0,0,0,1,R7-700um-middle_frame_489,100
R1-900um-top-to-bottom-center_frame_347_patch_2.png,image_767.jpg,1,0,0,0,1,R1-900um-top-to-bottom-center_frame_347,100
R1-700um-top-to-bottom-center_frame_77_patch_5.png,image_768.jpg,1,0,1,0,2,R1-700um-top-to-bottom-center_frame_77,101
R1-900um-top-to-bottom-center_frame_290_patch_5.png,image_772.jpg,1,0,0,0,1,R1-900um-top-to-bottom-center_frame_290,100
R1-1100um-top-to-bottom-center-1_frame_220_patch_6.png,image_773.jpg,1,0,0,0,1,R1-1100um-top-to-bottom-center-1_frame_220,100
R7-700um-middle_frame_100_patch_2.png,image_775.jpg,1,0,0,0,1,R7-700um-middle_frame_100,100
R1-1000um-top-to-bottom-center_frame_122_patch_1.png,image_776.jpg,1,0,1,0,2,R1-1000um-top-to-bottom-center_frame_122,101
R1-1100um-top-to-bottom-center-1_frame_481_patch_3.png,image_778.jpg,1,1,0,0,2,R1-1100um-top-to-bottom-center-1_frame_481,110
R1-1000um-top-to-bottom-center_frame_222_patch_8.png,image_779.jpg,1,0,0,0,1,R1-1000um-top-to-bottom-center_frame_222,100
R1-900um-top-to-bottom-center_frame_303_patch_2.png,image_780.jpg,1,0,0,0,1,R1-900um-top-to-bottom-center_frame_303,100
R1-1100um-top-to-bottom-center_frame_342_patch_5.png,image_781.jpg,1,0,0,0,1,R1-1100um-top-to-bottom-center_frame_342,100
R1-1100um-top-to-bottom-center_frame_327_patch_7.png,image_784.jpg,1,0,0,0,1,R1-1100um-top-to-bottom-center_frame_327,100
R1-1100um-top-to-bottom-center_frame_327_patch_1.png,image_786.jpg,1,0,1,0,2,R1-1100um-top-to-bottom-center_frame_327,101
R1-700um-top-to-bottom-center_frame_570_patch_5.png,image_789.jpg,1,0,0,0,1,R1-700um-top-to-bottom-center_frame_570,100
R1-1100um-top-to-bottom-center-1_frame_372_patch_7.png,image_791.jpg,1,1,0,0,2,R1-1100um-top-to-bottom-center-1_frame_372,110
R1-700um-top-to-bottom-center_frame_570_patch_2.png,image_792.jpg,1,0,0,0,1,R1-700um-top-to-bottom-center_frame_570,100
R1-900um-top-to-bottom-center_frame_565_patch_5.png,image_795.jpg,1,0,0,0,1,R1-900um-top-to-bottom-center_frame_565,100
R1-900um-top-to-bottom-center_frame_604_patch_3.png,image_798.jpg,1,0,0,0,1,R1-900um-top-to-bottom-center_frame_604,100
R1-800um-top-to-bottom-center_frame_172_patch_1.png,image_799.jpg,0,0,1,0,1,R1-800um-top-to-bottom-center_frame_172,001
R1-1100um-top-to-bottom-center-1_frame_521_patch_8.png,image_800.jpg,1,1,0,0,2,R1-1100um-top-to-bottom-center-1_frame_521,110
R1-1100um-top-to-bottom-center_frame_262_patch_1.png,image_801.jpg,1,0,0,0,1,R1-1100um-top-to-bottom-center_frame_262,100
R1-1000um-top-to-bottom-center_frame_173_patch_2.png,image_802.jpg,1,0,0,0,1,R1-1000um-top-to-bottom-center_frame_173,100
R7-700um-middle_frame_566_patch_5.png,image_805.jpg,1,1,0,0,2,R7-700um-middle_frame_566,110
R7-700um-middle_frame_574_patch_0.png,image_806.jpg,0,1,0,0,1,R7-700um-middle_frame_574,010
R1-1100um-top-to-bottom-center-1_frame_470_patch_4.png,image_808.jpg,1,1,0,0,2,R1-1100um-top-to-bottom-center-1_frame_470,110
R1-800um-top-to-bottom-center_frame_638_patch_5.png,image_809.jpg,1,1,0,0,2,R1-800um-top-to-bottom-center_frame_638,110
R1-1100um-top-to-bottom-center_frame_239_patch_4.png,image_810.jpg,1,0,1,0,2,R1-1100um-top-to-bottom-center_frame_239,101
R1-1100um-top-to-bottom-center_frame_370_patch_3.png,image_813.jpg,1,1,0,0,2,R1-1100um-top-to-bottom-center_frame_370,110
R1-1000um-top-to-bottom-center_frame_458_patch_6.png,image_814.jpg,1,0,1,0,2,R1-1000um-top-to-bottom-center_frame_458,101
R1-900um-top-to-bottom-center_frame_564_patch_2.png,image_815.jpg,1,0,0,0,1,R1-900um-top-to-bottom-center_frame_564,100
R1-800um-top-to-bottom-center_frame_367_patch_8.png,image_816.jpg,1,0,0,0,1,R1-800um-top-to-bottom-center_frame_367,100
R7-700um-middle_frame_212_patch_8.png,image_817.jpg,1,0,0,0,1,R7-700um-middle_frame_212,100
R1-1000um-top-to-bottom-center_frame_551_patch_7.png,image_820.jpg,1,1,1,0,3,R1-1000um-top-to-bottom-center_frame_551,111
R1-1100um-top-to-bottom-center-1_frame_169_patch_4.png,image_821.jpg,1,0,1,0,2,R1-1100um-top-to-bottom-center-1_frame_169,101
R1-1100um-top-to-bottom-center_frame_98_patch_8.png,image_824.jpg,1,0,0,0,1,R1-1100um-top-to-bottom-center_frame_98,100
R1-1100um-top-to-bottom-center_frame_245_patch_2.png,image_826.jpg,1,0,0,0,1,R1-1100um-top-to-bottom-center_frame_245,100
R1-600um-top-to-bottom-center_frame_464_patch_2.png,image_827.jpg,1,0,1,0,2,R1-600um-top-to-bottom-center_frame_464,101
R1-1000um-top-to-bottom-center_frame_222_patch_6.png,image_828.jpg,1,0,0,0,1,R1-1000um-top-to-bottom-center_frame_222,100
R1-1100um-top-to-bottom-center-1_frame_241_patch_8.png,image_829.jpg,1,0,1,0,2,R1-1100um-top-to-bottom-center-1_frame_241,101
R1-900um-top-to-bottom-center_frame_362_patch_0.png,image_830.jpg,1,0,0,0,1,R1-900um-top-to-bottom-center_frame_362,100
R1-1000um-top-to-bottom-center_frame_170_patch_5.png,image_831.jpg,1,0,0,0,1,R1-1000um-top-to-bottom-center_frame_170,100
R1-1100um-top-to-bottom-center_frame_177_patch_5.png,image_835.jpg,1,0,0,0,1,R1-1100um-top-to-bottom-center_frame_177,100
R1-600um-top-to-bottom-center_frame_0_patch_4.png,image_836.jpg,0,0,1,0,1,R1-600um-top-to-bottom-center_frame_0,001
R1-700um-top-to-bottom-center_frame_347_patch_6.png,image_838.jpg,1,0,0,0,1,R1-700um-top-to-bottom-center_frame_347,100
R1-1100um-top-to-bottom-center-1_frame_149_patch_8.png,image_840.jpg,1,0,0,0,1,R1-1100um-top-to-bottom-center-1_frame_149,100
R1-900um-top-to-bottom-center_frame_263_patch_3.png,image_842.jpg,1,0,0,0,1,R1-900um-top-to-bottom-center_frame_263,100
R1-1100um-top-to-bottom-center_frame_370_patch_7.png,image_844.jpg,1,0,0,0,1,R1-1100um-top-to-bottom-center_frame_370,100
R1-600um-top-to-bottom-center_frame_511_patch_6.png,image_845.jpg,1,0,0,0,1,R1-600um-top-to-bottom-center_frame_511,100
R1-900um-top-to-bottom-center_frame_179_patch_2.png,image_846.jpg,1,0,0,0,1,R1-900um-top-to-bottom-center_frame_179,100
R1-1100um-top-to-bottom-center_frame_386_patch_7.png,image_847.jpg,1,0,0,0,1,R1-1100um-top-to-bottom-center_frame_386,100
R1-800um-top-to-bottom-center_frame_651_patch_8.png,image_848.jpg,1,0,0,0,1,R1-800um-top-to-bottom-center_frame_651,100
R1-1100um-top-to-bottom-center_frame_144_patch_7.png,image_849.jpg,1,0,0,0,1,R1-1100um-top-to-bottom-center_frame_144,100
R1-700um-top-to-bottom-center_frame_505_patch_5.png,image_850.jpg,1,0,0,0,1,R1-700um-top-to-bottom-center_frame_505,100
R1-1100um-top-to-bottom-center-1_frame_169_patch_8.png,image_855.jpg,1,0,0,0,1,R1-1100um-top-to-bottom-center-1_frame_169,100
R1-1000um-top-to-bottom-center_frame_209_patch_6.png,image_856.jpg,1,0,0,0,1,R1-1000um-top-to-bottom-center_frame_209,100
R1-1100um-top-to-bottom-center-1_frame_267_patch_1.png,image_858.jpg,1,0,0,0,1,R1-1100um-top-to-bottom-center-1_frame_267,100
R1-900um-top-to-bottom-center_frame_234_patch_3.png,image_860.jpg,1,0,0,0,1,R1-900um-top-to-bottom-center_frame_234,100
R1-600um-top-to-bottom-center_frame_87_patch_4.png,image_861.jpg,0,0,1,0,1,R1-600um-top-to-bottom-center_frame_87,001
R1-1100um-top-to-bottom-center-1_frame_235_patch_5.png,image_862.jpg,1,0,1,0,2,R1-1100um-top-to-bottom-center-1_frame_235,101
R1-1000um-top-to-bottom-center_frame_225_patch_6.png,image_863.jpg,1,0,0,0,1,R1-1000um-top-to-bottom-center_frame_225,100
R1-1100um-top-to-bottom-center_frame_277_patch_6.png,image_864.jpg,1,0,0,0,1,R1-1100um-top-to-bottom-center_frame_277,100
R1-800um-top-to-bottom-center_frame_358_patch_4.png,image_865.jpg,1,0,0,0,1,R1-800um-top-to-bottom-center_frame_358,100
R1-1100um-top-to-bottom-center-1_frame_372_patch_0.png,image_866.jpg,1,1,0,0,2,R1-1100um-top-to-bottom-center-1_frame_372,110
R1-1100um-top-to-bottom-center_frame_342_patch_3.png,image_867.jpg,1,0,0,0,1,R1-1100um-top-to-bottom-center_frame_342,100
R1-1100um-top-to-bottom-center_frame_302_patch_5.png,image_868.jpg,1,0,0,0,1,R1-1100um-top-to-bottom-center_frame_302,100
R1-1000um-top-to-bottom-center_frame_180_patch_0.png,image_869.jpg,1,0,0,0,1,R1-1000um-top-to-bottom-center_frame_180,100
R1-800um-top-to-bottom-center_frame_454_patch_2.png,image_871.jpg,1,0,1,0,2,R1-800um-top-to-bottom-center_frame_454,101
R1-900um-top-to-bottom-center_frame_332_patch_4.png,image_872.jpg,1,0,0,0,1,R1-900um-top-to-bottom-center_frame_332,100
R7-700um-middle_frame_566_patch_1.png,image_873.jpg,0,1,0,0,1,R7-700um-middle_frame_566,010
R1-600um-top-to-bottom-center_frame_41_patch_7.png,image_874.jpg,0,0,1,0,1,R1-600um-top-to-bottom-center_frame_41,001
R1-1100um-top-to-bottom-center-1_frame_470_patch_5.png,image_876.jpg,1,1,0,0,2,R1-1100um-top-to-bottom-center-1_frame_470,110
R1-600um-top-to-bottom-center_frame_631_patch_3.png,image_881.jpg,1,0,0,0,1,R1-600um-top-to-bottom-center_frame_631,100
R7-700um-middle_frame_122_patch_8.png,image_882.jpg,1,0,0,0,1,R7-700um-middle_frame_122,100
R1-800um-top-to-bottom-center_frame_554_patch_6.png,image_883.jpg,1,0,0,0,1,R1-800um-top-to-bottom-center_frame_554,100
R1-1100um-top-to-bottom-center_frame_302_patch_0.png,image_885.jpg,1,0,0,0,1,R1-1100um-top-to-bottom-center_frame_302,100
R1-800um-top-to-bottom-center_frame_412_patch_5.png,image_886.jpg,1,0,0,0,1,R1-800um-top-to-bottom-center_frame_412,100
R7-700um-middle_frame_489_patch_5.png,image_887.jpg,1,0,0,0,1,R7-700um-middle_frame_489,100
R1-1100um-top-to-bottom-center_frame_43_patch_7.png,image_889.jpg,1,0,0,0,1,R1-1100um-top-to-bottom-center_frame_43,100
R7-700um-middle_frame_503_patch_1.png,image_890.jpg,1,0,0,0,1,R7-700um-middle_frame_503,100
R1-900um-top-to-bottom-center_frame_486_patch_2.png,image_891.jpg,1,0,0,0,1,R1-900um-top-to-bottom-center_frame_486,100
R1-900um-top-to-bottom-center_frame_290_patch_0.png,image_893.jpg,1,0,0,0,1,R1-900um-top-to-bottom-center_frame_290,100
R1-700um-top-to-bottom-center_frame_570_patch_7.png,image_897.jpg,1,0,1,0,2,R1-700um-top-to-bottom-center_frame_570,101
R1-600um-top-to-bottom-center_frame_603_patch_2.png,image_898.jpg,1,0,0,0,1,R1-600um-top-to-bottom-center_frame_603,100
R1-700um-top-to-bottom-center_frame_556_patch_2.png,image_904.jpg,1,0,0,0,1,R1-700um-top-to-bottom-center_frame_556,100
R1-700um-top-to-bottom-center_frame_334_patch_6.png,image_906.jpg,1,0,0,0,1,R1-700um-top-to-bottom-center_frame_334,100
R1-1100um-top-to-bottom-center_frame_287_patch_8.png,image_909.jpg,1,0,0,0,1,R1-1100um-top-to-bottom-center_frame_287,100
R1-600um-top-to-bottom-center_frame_394_patch_0.png,image_912.jpg,1,0,0,0,1,R1-600um-top-to-bottom-center_frame_394,100
R1-900um-top-to-bottom-center_frame_221_patch_2.png,image_913.jpg,1,0,0,0,1,R1-900um-top-to-bottom-center_frame_221,100
R1-700um-top-to-bottom-center_frame_334_patch_4.png,image_914.jpg,1,0,1,0,2,R1-700um-top-to-bottom-center_frame_334,101
R1-700um-top-to-bottom-center_frame_263_patch_0.png,image_919.jpg,1,0,1,0,2,R1-700um-top-to-bottom-center_frame_263,101
R1-800um-top-to-bottom-center_frame_454_patch_3.png,image_920.jpg,1,0,0,0,1,R1-800um-top-to-bottom-center_frame_454,100
R1-800um-top-to-bottom-center_frame_631_patch_2.png,image_925.jpg,1,1,0,0,2,R1-800um-top-to-bottom-center_frame_631,110
R1-1100um-top-to-bottom-center_frame_342_patch_6.png,image_926.jpg,1,0,1,0,2,R1-1100um-top-to-bottom-center_frame_342,101
R1-900um-top-to-bottom-center_frame_557_patch_5.png,image_927.jpg,1,1,0,0,2,R1-900um-top-to-bottom-center_frame_557,110
R1-1100um-top-to-bottom-center-1_frame_225_patch_1.png,image_929.jpg,1,0,1,0,2,R1-1100um-top-to-bottom-center-1_frame_225,101
R1-800um-top-to-bottom-center_frame_89_patch_3.png,image_930.jpg,0,0,1,0,1,R1-800um-top-to-bottom-center_frame_89,001
R1-1100um-top-to-bottom-center-1_frame_225_patch_8.png,image_932.jpg,1,0,0,0,1,R1-1100um-top-to-bottom-center-1_frame_225,100
R1-700um-top-to-bottom-center_frame_289_patch_2.png,image_933.jpg,1,0,1,0,2,R1-700um-top-to-bottom-center_frame_289,101
R1-1100um-top-to-bottom-center-1_frame_372_patch_5.png,image_934.jpg,1,0,0,0,1,R1-1100um-top-to-bottom-center-1_frame_372,100
R1-1000um-top-to-bottom-center_frame_156_patch_7.png,image_935.jpg,1,0,0,0,1,R1-1000um-top-to-bottom-center_frame_156,100
R1-600um-top-to-bottom-center_frame_41_patch_6.png,image_937.jpg,0,0,1,0,1,R1-600um-top-to-bottom-center_frame_41,001
R1-800um-top-to-bottom-center_frame_623_patch_4.png,image_938.jpg,1,1,0,0,2,R1-800um-top-to-bottom-center_frame_623,110
R1-900um-top-to-bottom-center_frame_316_patch_4.png,image_939.jpg,1,0,0,0,1,R1-900um-top-to-bottom-center_frame_316,100
R1-600um-top-to-bottom-center_frame_152_patch_3.png,image_940.jpg,0,0,1,0,1,R1-600um-top-to-bottom-center_frame_152,001
R1-600um-top-to-bottom-center_frame_182_patch_5.png,image_941.jpg,0,0,1,0,1,R1-600um-top-to-bottom-center_frame_182,001
R1-1000um-top-to-bottom-center_frame_134_patch_7.png,image_942.jpg,1,0,0,0,1,R1-1000um-top-to-bottom-center_frame_134,100
R1-900um-top-to-bottom-center_frame_512_patch_0.png,image_944.jpg,1,0,0,0,1,R1-900um-top-to-bottom-center_frame_512,100
R1-1100um-top-to-bottom-center_frame_223_patch_2.png,image_947.jpg,1,0,0,0,1,R1-1100um-top-to-bottom-center_frame_223,100
R1-800um-top-to-bottom-center_frame_623_patch_7.png,image_948.jpg,1,0,1,0,2,R1-800um-top-to-bottom-center_frame_623,101
R1-1100um-top-to-bottom-center-1_frame_425_patch_4.png,image_950.jpg,1,1,0,0,2,R1-1100um-top-to-bottom-center-1_frame_425,110
R1-1100um-top-to-bottom-center-1_frame_96_patch_2.png,image_951.jpg,1,0,0,0,1,R1-1100um-top-to-bottom-center-1_frame_96,100
R1-600um-top-to-bottom-center_frame_567_patch_1.png,image_952.jpg,1,0,0,0,1,R1-600um-top-to-bottom-center_frame_567,100
R7-700um-middle_frame_100_patch_7.png,image_955.jpg,1,1,0,0,2,R7-700um-middle_frame_100,110
R1-700um-top-to-bottom-center_frame_505_patch_8.png,image_956.jpg,1,0,1,0,2,R1-700um-top-to-bottom-center_frame_505,101
R1-1100um-top-to-bottom-center-1_frame_402_patch_8.png,image_957.jpg,1,1,0,0,2,R1-1100um-top-to-bottom-center-1_frame_402,110
R1-900um-top-to-bottom-center_frame_434_patch_8.png,image_958.jpg,1,0,0,0,1,R1-900um-top-to-bottom-center_frame_434,100
R1-1000um-top-to-bottom-center_frame_156_patch_4.png,image_959.jpg,1,0,0,0,1,R1-1000um-top-to-bottom-center_frame_156,100
R1-1100um-top-to-bottom-center-1_frame_397_patch_1.png,image_960.jpg,1,1,0,0,2,R1-1100um-top-to-bottom-center-1_frame_397,110
R1-1100um-top-to-bottom-center_frame_86_patch_1.png,image_962.jpg,1,0,1,0,2,R1-1100um-top-to-bottom-center_frame_86,101
R1-1100um-top-to-bottom-center_frame_220_patch_2.png,image_963.jpg,1,0,0,0,1,R1-1100um-top-to-bottom-center_frame_220,100
R1-1100um-top-to-bottom-center_frame_327_patch_2.png,image_964.jpg,1,0,0,0,1,R1-1100um-top-to-bottom-center_frame_327,100
R1-1100um-top-to-bottom-center_frame_262_patch_5.png,image_967.jpg,1,0,0,0,1,R1-1100um-top-to-bottom-center_frame_262,100
R1-1000um-top-to-bottom-center_frame_434_patch_7.png,image_968.jpg,1,0,0,0,1,R1-1000um-top-to-bottom-center_frame_434,100
R1-900um-top-to-bottom-center_frame_347_patch_7.png,image_969.jpg,1,0,0,0,1,R1-900um-top-to-bottom-center_frame_347,100
R1-700um-top-to-bottom-center_frame_317_patch_2.png,image_970.jpg,1,0,1,0,2,R1-700um-top-to-bottom-center_frame_317,101
R1-600um-top-to-bottom-center_frame_70_patch_7.png,image_971.jpg,0,0,1,0,1,R1-600um-top-to-bottom-center_frame_70,001
R1-600um-top-to-bottom-center_frame_104_patch_1.png,image_972.jpg,0,0,1,0,1,R1-600um-top-to-bottom-center_frame_104,001
R1-900um-top-to-bottom-center_frame_234_patch_4.png,image_973.jpg,1,0,0,0,1,R1-900um-top-to-bottom-center_frame_234,100
R1-1100um-top-to-bottom-center_frame_356_patch_0.png,image_974.jpg,1,1,0,0,2,R1-1100um-top-to-bottom-center_frame_356,110
R1-1000um-top-to-bottom-center_frame_551_patch_4.png,image_975.jpg,1,1,0,0,2,R1-1000um-top-to-bottom-center_frame_551,110
R1-800um-top-to-bottom-center_frame_454_patch_8.png,image_976.jpg,1,0,1,0,2,R1-800um-top-to-bottom-center_frame_454,101
R1-1100um-top-to-bottom-center-1_frame_225_patch_5.png,image_977.jpg,1,0,0,0,1,R1-1100um-top-to-bottom-center-1_frame_225,100
R1-900um-top-to-bottom-center_frame_362_patch_2.png,image_978.jpg,1,0,0,0,1,R1-900um-top-to-bottom-center_frame_362,100
R1-700um-top-to-bottom-center_frame_44_patch_6.png,image_979.jpg,0,0,1,0,1,R1-700um-top-to-bottom-center_frame_44,001
R7-700um-middle_frame_566_patch_4.png,image_980.jpg,1,1,0,0,2,R7-700um-middle_frame_566,110
R7-700um-middle_frame_503_patch_5.png,image_982.jpg,1,0,0,0,1,R7-700um-middle_frame_503,100
R1-1100um-top-to-bottom-center_frame_264_patch_2.png,image_983.jpg,1,0,0,0,1,R1-1100um-top-to-bottom-center_frame_264,100
R1-1100um-top-to-bottom-center_frame_281_patch_5.png,image_985.jpg,1,0,0,0,1,R1-1100um-top-to-bottom-center_frame_281,100
R1-1100um-top-to-bottom-center-1_frame_481_patch_8.png,image_987.jpg,1,1,0,0,2,R1-1100um-top-to-bottom-center-1_frame_481,110
R1-800um-top-to-bottom-center_frame_492_patch_3.png,image_988.jpg,1,0,1,0,2,R1-800um-top-to-bottom-center_frame_492,101
R1-700um-top-to-bottom-center_frame_77_patch_6.png,image_989.jpg,0,0,1,0,1,R1-700um-top-to-bottom-center_frame_77,001
R1-700um-top-to-bottom-center_frame_505_patch_2.png,image_991.jpg,1,0,0,0,1,R1-700um-top-to-bottom-center_frame_505,100
R1-900um-top-to-bottom-center_frame_332_patch_2.png,image_992.jpg,1,0,0,0,1,R1-900um-top-to-bottom-center_frame_332,100
R1-900um-top-to-bottom-center_frame_316_patch_0.png,image_993.jpg,1,0,0,0,1,R1-900um-top-to-bottom-center_frame_316,100
R1-800um-top-to-bottom-center_frame_623_patch_2.png,image_994.jpg,1,1,1,0,3,R1-800um-top-to-bottom-center_frame_623,111
R1-900um-top-to-bottom-center_frame_288_patch_4.png,image_995.jpg,1,0,0,0,1,R1-900um-top-to-bottom-center_frame_288,100
R1-1100um-top-to-bottom-center_frame_193_patch_7.png,image_996.jpg,1,0,0,0,1,R1-1100um-top-to-bottom-center_frame_193,100
R1-1000um-top-to-bottom-center_frame_434_patch_6.png,image_998.jpg,1,0,0,0,1,R1-1000um-top-to-bottom-center_frame_434,100
R1-1000um-top-to-bottom-center_frame_287_patch_1.png,image_999.jpg,1,0,0,0,1,R1-1000um-top-to-bottom-center_frame_287,100
R7-700um-middle_frame_574_patch_2.png,image_1000.jpg,0,1,0,0,1,R7-700um-middle_frame_574,010
R1-1100um-top-to-bottom-center-1_frame_521_patch_5.png,image_1001.jpg,1,1,1,0,3,R1-1100um-top-to-bottom-center-1_frame_521,111
R1-1000um-top-to-bottom-center_frame_173_patch_5.png,image_1002.jpg,1,0,0,0,1,R1-1000um-top-to-bottom-center_frame_173,100
R7-700um-middle_frame_512_patch_4.png,image_1003.jpg,1,0,0,0,1,R7-700um-middle_frame_512,100
R1-800um-top-to-bottom-center_frame_492_patch_1.png,image_1005.jpg,1,0,0,0,1,R1-800um-top-to-bottom-center_frame_492,100
R1-600um-top-to-bottom-center_frame_0_patch_0.png,image_1006.jpg,0,0,1,0,1,R1-600um-top-to-bottom-center_frame_0,001
R1-600um-top-to-bottom-center_frame_408_patch_7.png,image_1007.jpg,1,0,0,0,1,R1-600um-top-to-bottom-center_frame_408,100
R1-1100um-top-to-bottom-center-1_frame_342_patch_0.png,image_1008.jpg,1,0,1,0,2,R1-1100um-top-to-bottom-center-1_frame_342,101
R1-800um-top-to-bottom-center_frame_608_patch_2.png,image_1009.jpg,1,0,0,0,1,R1-800um-top-to-bottom-center_frame_608,100
R1-1100um-top-to-bottom-center_frame_239_patch_7.png,image_1010.jpg,1,0,0,0,1,R1-1100um-top-to-bottom-center_frame_239,100
R1-1100um-top-to-bottom-center_frame_124_patch_5.png,image_1011.jpg,1,0,1,0,2,R1-1100um-top-to-bottom-center_frame_124,101
R7-700um-middle_frame_221_patch_6.png,image_1012.jpg,1,0,0,0,1,R7-700um-middle_frame_221,100
R1-800um-top-to-bottom-center_frame_80_patch_0.png,image_1015.jpg,0,0,1,0,1,R1-800um-top-to-bottom-center_frame_80,001
R1-1100um-top-to-bottom-center-1_frame_225_patch_7.png,image_1018.jpg,1,0,0,0,1,R1-1100um-top-to-bottom-center-1_frame_225,100
R1-1000um-top-to-bottom-center_frame_287_patch_6.png,image_1020.jpg,1,0,0,0,1,R1-1000um-top-to-bottom-center_frame_287,100
R1-1100um-top-to-bottom-center_frame_191_patch_2.png,image_1021.jpg,1,0,0,0,1,R1-1100um-top-to-bottom-center_frame_191,100
R1-900um-top-to-bottom-center_frame_362_patch_7.png,image_1022.jpg,1,0,0,0,1,R1-900um-top-to-bottom-center_frame_362,100
R1-1100um-top-to-bottom-center-1_frame_488_patch_5.png,image_1023.jpg,1,0,0,0,1,R1-1100um-top-to-bottom-center-1_frame_488,100
R1-1000um-top-to-bottom-center_frame_458_patch_3.png,image_1025.jpg,1,0,0,0,1,R1-1000um-top-to-bottom-center_frame_458,100
R7-700um-middle_frame_566_patch_3.png,image_1027.jpg,1,1,0,0,2,R7-700um-middle_frame_566,110
R1-1100um-top-to-bottom-center_frame_109_patch_4.png,image_1028.jpg,1,0,1,0,2,R1-1100um-top-to-bottom-center_frame_109,101
R1-800um-top-to-bottom-center_frame_499_patch_2.png,image_1029.jpg,1,0,0,0,1,R1-800um-top-to-bottom-center_frame_499,100
R1-1000um-top-to-bottom-center_frame_594_patch_6.png,image_1030.jpg,1,0,0,0,1,R1-1000um-top-to-bottom-center_frame_594,100
R1-900um-top-to-bottom-center_frame_418_patch_5.png,image_1031.jpg,1,0,0,0,1,R1-900um-top-to-bottom-center_frame_418,100
R1-1000um-top-to-bottom-center_frame_245_patch_1.png,image_1032.jpg,1,0,0,0,1,R1-1000um-top-to-bottom-center_frame_245,100
R1-1100um-top-to-bottom-center-1_frame_205_patch_7.png,image_1033.jpg,1,0,1,0,2,R1-1100um-top-to-bottom-center-1_frame_205,101
R1-1100um-top-to-bottom-center_frame_253_patch_1.png,image_1034.jpg,1,0,0,0,1,R1-1100um-top-to-bottom-center_frame_253,100
R1-700um-top-to-bottom-center_frame_426_patch_0.png,image_1035.jpg,1,0,0,0,1,R1-700um-top-to-bottom-center_frame_426,100
R1-900um-top-to-bottom-center_frame_275_patch_1.png,image_1036.jpg,1,0,0,0,1,R1-900um-top-to-bottom-center_frame_275,100
R1-600um-top-to-bottom-center_frame_408_patch_3.png,image_1037.jpg,1,0,0,0,1,R1-600um-top-to-bottom-center_frame_408,100
R1-1100um-top-to-bottom-center-1_frame_372_patch_2.png,image_1038.jpg,1,0,0,0,1,R1-1100um-top-to-bottom-center-1_frame_372,100
R1-1100um-top-to-bottom-center-1_frame_280_patch_4.png,image_1039.jpg,1,0,0,0,1,R1-1100um-top-to-bottom-center-1_frame_280,100
R1-1100um-top-to-bottom-center_frame_179_patch_1.png,image_1040.jpg,0,0,1,0,1,R1-1100um-top-to-bottom-center_frame_179,001
R1-1100um-top-to-bottom-center_frame_175_patch_1.png,image_1042.jpg,1,0,1,0,2,R1-1100um-top-to-bottom-center_frame_175,101
R1-800um-top-to-bottom-center_frame_641_patch_2.png,image_1043.jpg,1,0,0,0,1,R1-800um-top-to-bottom-center_frame_641,100
R1-1100um-top-to-bottom-center_frame_232_patch_4.png,image_1044.jpg,1,0,0,0,1,R1-1100um-top-to-bottom-center_frame_232,100
R1-1000um-top-to-bottom-center_frame_338_patch_2.png,image_1045.jpg,1,0,0,0,1,R1-1000um-top-to-bottom-center_frame_338,100
R1-800um-top-to-bottom-center_frame_413_patch_0.png,image_1046.jpg,1,0,0,0,1,R1-800um-top-to-bottom-center_frame_413,100
R1-800um-top-to-bottom-center_frame_492_patch_6.png,image_1048.jpg,1,0,1,0,2,R1-800um-top-to-bottom-center_frame_492,101
R1-600um-top-to-bottom-center_frame_586_patch_2.png,image_1050.jpg,1,0,0,0,1,R1-600um-top-to-bottom-center_frame_586,100
R1-1000um-top-to-bottom-center_frame_585_patch_2.png,image_1051.jpg,1,0,0,0,1,R1-1000um-top-to-bottom-center_frame_585,100
R1-700um-top-to-bottom-center_frame_184_patch_0.png,image_1052.jpg,0,0,1,0,1,R1-700um-top-to-bottom-center_frame_184,001
R1-700um-top-to-bottom-center_frame_321_patch_1.png,image_1053.jpg,1,0,1,0,2,R1-700um-top-to-bottom-center_frame_321,101
R1-600um-top-to-bottom-center_frame_622_patch_8.png,image_1054.jpg,1,0,0,0,1,R1-600um-top-to-bottom-center_frame_622,100
R1-600um-top-to-bottom-center_frame_486_patch_8.png,image_1056.jpg,0,0,1,0,1,R1-600um-top-to-bottom-center_frame_486,001
R1-700um-top-to-bottom-center_frame_6_patch_1.png,image_1057.jpg,1,0,0,0,1,R1-700um-top-to-bottom-center_frame_6,100
R1-1000um-top-to-bottom-center_frame_384_patch_1.png,image_1058.jpg,1,0,0,0,1,R1-1000um-top-to-bottom-center_frame_384,100
R1-700um-top-to-bottom-center_frame_347_patch_2.png,image_1059.jpg,1,0,0,0,1,R1-700um-top-to-bottom-center_frame_347,100
R1-1000um-top-to-bottom-center_frame_173_patch_0.png,image_1062.jpg,1,0,0,0,1,R1-1000um-top-to-bottom-center_frame_173,100
R1-1100um-top-to-bottom-center-1_frame_468_patch_1.png,image_1063.jpg,1,1,0,0,2,R1-1100um-top-to-bottom-center-1_frame_468,110
R1-800um-top-to-bottom-center_frame_651_patch_5.png,image_1065.jpg,1,0,0,0,1,R1-800um-top-to-bottom-center_frame_651,100
R1-600um-top-to-bottom-center_frame_594_patch_4.png,image_1066.jpg,1,0,1,0,2,R1-600um-top-to-bottom-center_frame_594,101
R1-600um-top-to-bottom-center_frame_53_patch_6.png,image_1067.jpg,0,0,1,0,1,R1-600um-top-to-bottom-center_frame_53,001
R1-800um-top-to-bottom-center_frame_526_patch_1.png,image_1068.jpg,1,0,0,0,1,R1-800um-top-to-bottom-center_frame_526,100
R1-700um-top-to-bottom-center_frame_597_patch_1.png,image_1069.jpg,1,0,0,0,1,R1-700um-top-to-bottom-center_frame_597,100
R1-700um-top-to-bottom-center_frame_570_patch_6.png,image_1070.jpg,1,0,1,0,2,R1-700um-top-to-bottom-center_frame_570,101
R1-1100um-top-to-bottom-center_frame_262_patch_6.png,image_1071.jpg,1,0,0,0,1,R1-1100um-top-to-bottom-center_frame_262,100
R1-800um-top-to-bottom-center_frame_412_patch_0.png,image_1072.jpg,1,0,0,0,1,R1-800um-top-to-bottom-center_frame_412,100
R1-1100um-top-to-bottom-center_frame_277_patch_1.png,image_1073.jpg,1,0,0,0,1,R1-1100um-top-to-bottom-center_frame_277,100
R1-1000um-top-to-bottom-center_frame_287_patch_7.png,image_1074.jpg,1,0,0,0,1,R1-1000um-top-to-bottom-center_frame_287,100
R1-1100um-top-to-bottom-center-1_frame_447_patch_6.png,image_1076.jpg,1,1,0,0,2,R1-1100um-top-to-bottom-center-1_frame_447,110
R1-800um-top-to-bottom-center_frame_413_patch_6.png,image_1077.jpg,1,0,1,0,2,R1-800um-top-to-bottom-center_frame_413,101
R1-1000um-top-to-bottom-center_frame_338_patch_7.png,image_1078.jpg,1,0,0,0,1,R1-1000um-top-to-bottom-center_frame_338,100
R1-1000um-top-to-bottom-center_frame_222_patch_4.png,image_1079.jpg,1,0,0,0,1,R1-1000um-top-to-bottom-center_frame_222,100
R1-1100um-top-to-bottom-center_frame_175_patch_7.png,image_1082.jpg,1,0,1,0,2,R1-1100um-top-to-bottom-center_frame_175,101
R1-800um-top-to-bottom-center_frame_304_patch_3.png,image_1083.jpg,1,0,0,0,1,R1-800um-top-to-bottom-center_frame_304,100
R7-700um-middle_frame_520_patch_1.png,image_1086.jpg,1,0,0,0,1,R7-700um-middle_frame_520,100
R1-600um-top-to-bottom-center_frame_408_patch_1.png,image_1087.jpg,1,0,1,0,2,R1-600um-top-to-bottom-center_frame_408,101
R1-1000um-top-to-bottom-center_frame_225_patch_1.png,image_1088.jpg,1,0,0,0,1,R1-1000um-top-to-bottom-center_frame_225,100
R1-900um-top-to-bottom-center_frame_290_patch_7.png,image_1089.jpg,1,0,0,0,1,R1-900um-top-to-bottom-center_frame_290,100
R1-800um-top-to-bottom-center_frame_6_patch_4.png,image_1090.jpg,0,0,1,0,1,R1-800um-top-to-bottom-center_frame_6,001
R1-1100um-top-to-bottom-center_frame_327_patch_4.png,image_1091.jpg,1,0,0,0,1,R1-1100um-top-to-bottom-center_frame_327,100
R1-600um-top-to-bottom-center_frame_418_patch_3.png,image_1093.jpg,1,0,0,0,1,R1-600um-top-to-bottom-center_frame_418,100
R1-900um-top-to-bottom-center_frame_362_patch_3.png,image_1096.jpg,1,0,0,0,1,R1-900um-top-to-bottom-center_frame_362,100
R1-900um-top-to-bottom-center_frame_512_patch_4.png,image_1099.jpg,1,0,0,0,1,R1-900um-top-to-bottom-center_frame_512,100
R1-900um-top-to-bottom-center_frame_486_patch_6.png,image_1101.jpg,1,0,0,0,1,R1-900um-top-to-bottom-center_frame_486,100
R1-900um-top-to-bottom-center_frame_493_patch_7.png,image_1102.jpg,1,0,0,0,1,R1-900um-top-to-bottom-center_frame_493,100
R1-1100um-top-to-bottom-center_frame_98_patch_5.png,image_1103.jpg,1,0,0,0,1,R1-1100um-top-to-bottom-center_frame_98,100
R1-1100um-top-to-bottom-center_frame_239_patch_5.png,image_1105.jpg,1,0,0,0,1,R1-1100um-top-to-bottom-center_frame_239,100
R1-1100um-top-to-bottom-center_frame_245_patch_4.png,image_1106.jpg,1,0,0,0,1,R1-1100um-top-to-bottom-center_frame_245,100
R1-1100um-top-to-bottom-center_frame_262_patch_4.png,image_1107.jpg,1,0,1,0,2,R1-1100um-top-to-bottom-center_frame_262,101
R1-1100um-top-to-bottom-center_frame_220_patch_3.png,image_1108.jpg,1,0,0,0,1,R1-1100um-top-to-bottom-center_frame_220,100
R1-600um-top-to-bottom-center_frame_376_patch_2.png,image_1111.jpg,1,0,0,0,1,R1-600um-top-to-bottom-center_frame_376,100
R1-1100um-top-to-bottom-center_frame_342_patch_0.png,image_1112.jpg,1,0,0,0,1,R1-1100um-top-to-bottom-center_frame_342,100
R7-700um-middle_frame_100_patch_1.png,image_1113.jpg,1,0,0,0,1,R7-700um-middle_frame_100,100
R1-700um-top-to-bottom-center_frame_321_patch_4.png,image_1115.jpg,1,0,0,0,1,R1-700um-top-to-bottom-center_frame_321,100
R1-1100um-top-to-bottom-center_frame_356_patch_7.png,image_1116.jpg,1,0,0,0,1,R1-1100um-top-to-bottom-center_frame_356,100
R1-1100um-top-to-bottom-center_frame_277_patch_0.png,image_1118.jpg,1,0,0,0,1,R1-1100um-top-to-bottom-center_frame_277,100
R1-600um-top-to-bottom-center_frame_457_patch_2.png,image_1119.jpg,1,0,1,0,2,R1-600um-top-to-bottom-center_frame_457,101
R1-900um-top-to-bottom-center_frame_194_patch_7.png,image_1120.jpg,1,0,0,0,1,R1-900um-top-to-bottom-center_frame_194,100
R1-700um-top-to-bottom-center_frame_321_patch_3.png,image_1121.jpg,1,0,0,0,1,R1-700um-top-to-bottom-center_frame_321,100
R1-1100um-top-to-bottom-center_frame_370_patch_6.png,image_1122.jpg,1,1,0,0,2,R1-1100um-top-to-bottom-center_frame_370,110
R1-600um-top-to-bottom-center_frame_594_patch_2.png,image_1123.jpg,1,0,0,0,1,R1-600um-top-to-bottom-center_frame_594,100
R1-1100um-top-to-bottom-center_frame_281_patch_6.png,image_1124.jpg,1,0,0,0,1,R1-1100um-top-to-bottom-center_frame_281,100
R1-1100um-top-to-bottom-center-1_frame_372_patch_6.png,image_1125.jpg,1,0,0,0,1,R1-1100um-top-to-bottom-center-1_frame_372,100
R1-1100um-top-to-bottom-center_frame_361_patch_6.png,image_1128.jpg,1,0,0,0,1,R1-1100um-top-to-bottom-center_frame_361,100
R7-700um-middle_frame_122_patch_4.png,image_1129.jpg,1,0,0,0,1,R7-700um-middle_frame_122,100
R1-700um-top-to-bottom-center_frame_556_patch_4.png,image_1130.jpg,1,0,1,0,2,R1-700um-top-to-bottom-center_frame_556,101
R1-1000um-top-to-bottom-center_frame_170_patch_4.png,image_1131.jpg,1,0,0,0,1,R1-1000um-top-to-bottom-center_frame_170,100
R1-700um-top-to-bottom-center_frame_364_patch_6.png,image_1132.jpg,1,0,0,0,1,R1-700um-top-to-bottom-center_frame_364,100
R1-1000um-top-to-bottom-center_frame_585_patch_5.png,image_1134.jpg,1,0,1,0,2,R1-1000um-top-to-bottom-center_frame_585,101
R1-1100um-top-to-bottom-center_frame_370_patch_0.png,image_1136.jpg,1,0,0,0,1,R1-1100um-top-to-bottom-center_frame_370,100
R1-800um-top-to-bottom-center_frame_367_patch_2.png,image_1137.jpg,1,0,1,0,2,R1-800um-top-to-bottom-center_frame_367,101
R1-800um-top-to-bottom-center_frame_554_patch_0.png,image_1138.jpg,1,0,0,0,1,R1-800um-top-to-bottom-center_frame_554,100
R7-700um-middle_frame_512_patch_6.png,image_1139.jpg,1,0,0,0,1,R7-700um-middle_frame_512,100
R1-1100um-top-to-bottom-center_frame_281_patch_1.png,image_1140.jpg,1,0,0,0,1,R1-1100um-top-to-bottom-center_frame_281,100
R1-1100um-top-to-bottom-center_frame_361_patch_7.png,image_1141.jpg,1,0,0,0,1,R1-1100um-top-to-bottom-center_frame_361,100
R1-1100um-top-to-bottom-center-1_frame_387_patch_5.png,image_1142.jpg,1,1,0,0,2,R1-1100um-top-to-bottom-center-1_frame_387,110
R1-700um-top-to-bottom-center_frame_648_patch_0.png,image_1143.jpg,1,0,0,0,1,R1-700um-top-to-bottom-center_frame_648,100
R1-1100um-top-to-bottom-center_frame_245_patch_8.png,image_1144.jpg,1,0,1,0,2,R1-1100um-top-to-bottom-center_frame_245,101
R1-600um-top-to-bottom-center_frame_387_patch_8.png,image_1145.jpg,1,0,0,0,1,R1-600um-top-to-bottom-center_frame_387,100
R1-1100um-top-to-bottom-center_frame_254_patch_7.png,image_1146.jpg,1,0,0,0,1,R1-1100um-top-to-bottom-center_frame_254,100
R1-1100um-top-to-bottom-center-1_frame_250_patch_3.png,image_1147.jpg,1,0,0,0,1,R1-1100um-top-to-bottom-center-1_frame_250,100
R1-1100um-top-to-bottom-center_frame_297_patch_7.png,image_1148.jpg,1,0,0,0,1,R1-1100um-top-to-bottom-center_frame_297,100
R1-1100um-top-to-bottom-center-1_frame_502_patch_7.png,image_1150.jpg,1,1,0,0,2,R1-1100um-top-to-bottom-center-1_frame_502,110
R1-700um-top-to-bottom-center_frame_279_patch_0.png,image_1152.jpg,1,0,0,0,1,R1-700um-top-to-bottom-center_frame_279,100
R1-1100um-top-to-bottom-center_frame_223_patch_6.png,image_1153.jpg,1,0,0,0,1,R1-1100um-top-to-bottom-center_frame_223,100
R1-800um-top-to-bottom-center_frame_641_patch_3.png,image_1155.jpg,1,1,0,0,2,R1-800um-top-to-bottom-center_frame_641,110
R1-1100um-top-to-bottom-center_frame_218_patch_1.png,image_1157.jpg,1,0,1,0,2,R1-1100um-top-to-bottom-center_frame_218,101
R1-600um-top-to-bottom-center_frame_174_patch_2.png,image_1158.jpg,0,0,1,0,1,R1-600um-top-to-bottom-center_frame_174,001
R1-1100um-top-to-bottom-center-1_frame_488_patch_7.png,image_1159.jpg,1,1,0,0,2,R1-1100um-top-to-bottom-center-1_frame_488,110
R1-1100um-top-to-bottom-center-1_frame_468_patch_8.png,image_1161.jpg,1,0,0,0,1,R1-1100um-top-to-bottom-center-1_frame_468,100
R7-700um-middle_frame_122_patch_7.png,image_1165.jpg,1,1,1,0,3,R7-700um-middle_frame_122,111
R1-1100um-top-to-bottom-center-1_frame_96_patch_4.png,image_1166.jpg,1,0,0,0,1,R1-1100um-top-to-bottom-center-1_frame_96,100
R1-1100um-top-to-bottom-center_frame_297_patch_4.png,image_1167.jpg,1,0,0,0,1,R1-1100um-top-to-bottom-center_frame_297,100
R1-1100um-top-to-bottom-center-1_frame_267_patch_7.png,image_1168.jpg,1,0,0,0,1,R1-1100um-top-to-bottom-center-1_frame_267,100
R1-600um-top-to-bottom-center_frame_603_patch_5.png,image_1169.jpg,1,0,1,0,2,R1-600um-top-to-bottom-center_frame_603,101
R1-1100um-top-to-bottom-center_frame_302_patch_4.png,image_1170.jpg,1,0,0,0,1,R1-1100um-top-to-bottom-center_frame_302,100
R1-1100um-top-to-bottom-center_frame_223_patch_3.png,image_1171.jpg,1,0,0,0,1,R1-1100um-top-to-bottom-center_frame_223,100
R1-1100um-top-to-bottom-center_frame_370_patch_1.png,image_1173.jpg,1,0,0,0,1,R1-1100um-top-to-bottom-center_frame_370,100
R1-600um-top-to-bottom-center_frame_279_patch_8.png,image_1174.jpg,0,0,1,0,1,R1-600um-top-to-bottom-center_frame_279,001
R1-1100um-top-to-bottom-center-1_frame_481_patch_2.png,image_1175.jpg,1,1,1,0,3,R1-1100um-top-to-bottom-center-1_frame_481,111
R1-700um-top-to-bottom-center_frame_321_patch_8.png,image_1176.jpg,1,0,0,0,1,R1-700um-top-to-bottom-center_frame_321,100
R1-1100um-top-to-bottom-center-1_frame_267_patch_2.png,image_1177.jpg,1,0,0,0,1,R1-1100um-top-to-bottom-center-1_frame_267,100
R1-1000um-top-to-bottom-center_frame_434_patch_8.png,image_1178.jpg,1,1,0,0,2,R1-1000um-top-to-bottom-center_frame_434,110
R1-1100um-top-to-bottom-center_frame_128_patch_5.png,image_1179.jpg,1,0,1,0,2,R1-1100um-top-to-bottom-center_frame_128,101
R1-600um-top-to-bottom-center_frame_387_patch_0.png,image_1180.jpg,1,0,0,0,1,R1-600um-top-to-bottom-center_frame_387,100
R1-1100um-top-to-bottom-center-1_frame_470_patch_0.png,image_1181.jpg,1,1,0,0,2,R1-1100um-top-to-bottom-center-1_frame_470,110
R1-700um-top-to-bottom-center_frame_6_patch_0.png,image_1182.jpg,1,0,1,0,2,R1-700um-top-to-bottom-center_frame_6,101
R7-700um-middle_frame_574_patch_3.png,image_1185.jpg,0,1,0,0,1,R7-700um-middle_frame_574,010
R1-1100um-top-to-bottom-center-1_frame_425_patch_7.png,image_1186.jpg,1,1,0,0,2,R1-1100um-top-to-bottom-center-1_frame_425,110
R1-900um-top-to-bottom-center_frame_434_patch_0.png,image_1187.jpg,1,0,0,0,1,R1-900um-top-to-bottom-center_frame_434,100
R1-600um-top-to-bottom-center_frame_394_patch_6.png,image_1188.jpg,1,0,0,0,1,R1-600um-top-to-bottom-center_frame_394,100
R1-700um-top-to-bottom-center_frame_218_patch_8.png,image_1190.jpg,0,0,1,0,1,R1-700um-top-to-bottom-center_frame_218,001
R1-800um-top-to-bottom-center_frame_304_patch_4.png,image_1191.jpg,1,0,0,0,1,R1-800um-top-to-bottom-center_frame_304,100
R7-700um-middle_frame_500_patch_4.png,image_1192.jpg,1,0,0,0,1,R7-700um-middle_frame_500,100
R1-900um-top-to-bottom-center_frame_221_patch_0.png,image_1196.jpg,1,0,0,0,1,R1-900um-top-to-bottom-center_frame_221,100
R1-1100um-top-to-bottom-center-1_frame_387_patch_1.png,image_1197.jpg,1,0,0,0,1,R1-1100um-top-to-bottom-center-1_frame_387,100
R1-800um-top-to-bottom-center_frame_513_patch_2.png,image_1198.jpg,1,0,0,0,1,R1-800um-top-to-bottom-center_frame_513,100
R1-1100um-top-to-bottom-center_frame_264_patch_1.png,image_1199.jpg,1,0,0,0,1,R1-1100um-top-to-bottom-center_frame_264,100
R1-600um-top-to-bottom-center_frame_387_patch_5.png,image_1200.jpg,1,0,0,0,1,R1-600um-top-to-bottom-center_frame_387,100
R1-800um-top-to-bottom-center_frame_651_patch_7.png,image_1201.jpg,1,0,0,0,1,R1-800um-top-to-bottom-center_frame_651,100
R1-1000um-top-to-bottom-center_frame_222_patch_5.png,image_1202.jpg,1,0,0,0,1,R1-1000um-top-to-bottom-center_frame_222,100
R1-800um-top-to-bottom-center_frame_358_patch_5.png,image_1204.jpg,1,0,0,0,1,R1-800um-top-to-bottom-center_frame_358,100
R1-1100um-top-to-bottom-center_frame_254_patch_8.png,image_1206.jpg,1,0,0,0,1,R1-1100um-top-to-bottom-center_frame_254,100
R1-1100um-top-to-bottom-center_frame_277_patch_8.png,image_1207.jpg,1,0,0,0,1,R1-1100um-top-to-bottom-center_frame_277,100
R1-1100um-top-to-bottom-center_frame_98_patch_7.png,image_1212.jpg,1,0,0,0,1,R1-1100um-top-to-bottom-center_frame_98,100
R1-600um-top-to-bottom-center_frame_594_patch_5.png,image_1213.jpg,1,0,0,0,1,R1-600um-top-to-bottom-center_frame_594,100
R1-700um-top-to-bottom-center_frame_556_patch_7.png,image_1215.jpg,1,0,0,0,1,R1-700um-top-to-bottom-center_frame_556,100
R1-800um-top-to-bottom-center_frame_513_patch_4.png,image_1217.jpg,1,0,0,0,1,R1-800um-top-to-bottom-center_frame_513,100
R1-900um-top-to-bottom-center_frame_275_patch_3.png,image_1219.jpg,1,0,1,0,2,R1-900um-top-to-bottom-center_frame_275,101
R1-800um-top-to-bottom-center_frame_631_patch_3.png,image_1220.jpg,1,1,0,0,2,R1-800um-top-to-bottom-center_frame_631,110
R1-900um-top-to-bottom-center_frame_512_patch_5.png,image_1221.jpg,1,0,0,0,1,R1-900um-top-to-bottom-center_frame_512,100
R1-800um-top-to-bottom-center_frame_526_patch_4.png,image_1223.jpg,1,0,0,0,1,R1-800um-top-to-bottom-center_frame_526,100
R1-1000um-top-to-bottom-center_frame_156_patch_1.png,image_1226.jpg,1,0,0,0,1,R1-1000um-top-to-bottom-center_frame_156,100
R1-700um-top-to-bottom-center_frame_321_patch_0.png,image_1228.jpg,1,0,0,0,1,R1-700um-top-to-bottom-center_frame_321,100
R1-1100um-top-to-bottom-center_frame_254_patch_4.png,image_1230.jpg,1,0,1,0,2,R1-1100um-top-to-bottom-center_frame_254,101
R1-900um-top-to-bottom-center_frame_493_patch_4.png,image_1231.jpg,1,0,0,0,1,R1-900um-top-to-bottom-center_frame_493,100
R1-900um-top-to-bottom-center_frame_362_patch_4.png,image_1233.jpg,1,0,0,0,1,R1-900um-top-to-bottom-center_frame_362,100
R1-1100um-top-to-bottom-center_frame_327_patch_5.png,image_1234.jpg,1,0,0,0,1,R1-1100um-top-to-bottom-center_frame_327,100
R1-600um-top-to-bottom-center_frame_165_patch_2.png,image_1236.jpg,0,0,1,0,1,R1-600um-top-to-bottom-center_frame_165,001
R1-1100um-top-to-bottom-center_frame_297_patch_5.png,image_1238.jpg,1,0,0,0,1,R1-1100um-top-to-bottom-center_frame_297,100
R1-600um-top-to-bottom-center_frame_165_patch_0.png,image_1239.jpg,0,0,1,0,1,R1-600um-top-to-bottom-center_frame_165,001
R1-1100um-top-to-bottom-center_frame_253_patch_3.png,image_1240.jpg,1,0,0,0,1,R1-1100um-top-to-bottom-center_frame_253,100
R7-700um-middle_frame_520_patch_6.png,image_1241.jpg,1,0,0,0,1,R7-700um-middle_frame_520,100
R1-1000um-top-to-bottom-center_frame_225_patch_5.png,image_1242.jpg,1,0,0,0,1,R1-1000um-top-to-bottom-center_frame_225,100
R1-1000um-top-to-bottom-center_frame_180_patch_8.png,image_1243.jpg,1,0,0,0,1,R1-1000um-top-to-bottom-center_frame_180,100
R1-700um-top-to-bottom-center_frame_6_patch_8.png,image_1244.jpg,0,0,1,0,1,R1-700um-top-to-bottom-center_frame_6,001
R1-700um-top-to-bottom-center_frame_77_patch_1.png,image_1245.jpg,1,0,0,0,1,R1-700um-top-to-bottom-center_frame_77,100
R1-900um-top-to-bottom-center_frame_362_patch_6.png,image_1246.jpg,1,0,0,0,1,R1-900um-top-to-bottom-center_frame_362,100
R1-600um-top-to-bottom-center_frame_477_patch_5.png,image_1248.jpg,0,0,1,0,1,R1-600um-top-to-bottom-center_frame_477,001
R7-700um-middle_frame_354_patch_5.png,image_1250.jpg,0,0,1,0,1,R7-700um-middle_frame_354,001
R1-1100um-top-to-bottom-center_frame_287_patch_7.png,image_1251.jpg,1,0,0,0,1,R1-1100um-top-to-bottom-center_frame_287,100
R1-1000um-top-to-bottom-center_frame_173_patch_6.png,image_1252.jpg,1,0,1,0,2,R1-1000um-top-to-bottom-center_frame_173,101
R1-1100um-top-to-bottom-center-1_frame_235_patch_7.png,image_1253.jpg,1,0,1,0,2,R1-1100um-top-to-bottom-center-1_frame_235,101
R1-1100um-top-to-bottom-center-1_frame_205_patch_3.png,image_1255.jpg,1,0,1,0,2,R1-1100um-top-to-bottom-center-1_frame_205,101
R1-1000um-top-to-bottom-center_frame_594_patch_7.png,image_1256.jpg,1,0,1,0,2,R1-1000um-top-to-bottom-center_frame_594,101
R1-700um-top-to-bottom-center_frame_597_patch_0.png,image_1259.jpg,1,0,0,0,1,R1-700um-top-to-bottom-center_frame_597,100
R7-700um-middle_frame_512_patch_2.png,image_1260.jpg,1,0,0,0,1,R7-700um-middle_frame_512,100
R1-1100um-top-to-bottom-center_frame_86_patch_6.png,image_1261.jpg,1,0,0,0,1,R1-1100um-top-to-bottom-center_frame_86,100
R1-800um-top-to-bottom-center_frame_499_patch_4.png,image_1262.jpg,1,0,1,0,2,R1-800um-top-to-bottom-center_frame_499,101
R1-1100um-top-to-bottom-center_frame_254_patch_2.png,image_1265.jpg,1,0,0,0,1,R1-1100um-top-to-bottom-center_frame_254,100
R1-700um-top-to-bottom-center_frame_334_patch_8.png,image_1266.jpg,1,0,0,0,1,R1-700um-top-to-bottom-center_frame_334,100
R1-1100um-top-to-bottom-center_frame_302_patch_1.png,image_1267.jpg,1,0,0,0,1,R1-1100um-top-to-bottom-center_frame_302,100
R1-1100um-top-to-bottom-center-1_frame_235_patch_6.png,image_1268.jpg,1,0,0,0,1,R1-1100um-top-to-bottom-center-1_frame_235,100
R1-1100um-top-to-bottom-center-1_frame_250_patch_8.png,image_1269.jpg,1,0,0,0,1,R1-1100um-top-to-bottom-center-1_frame_250,100
R1-800um-top-to-bottom-center_frame_623_patch_6.png,image_1272.jpg,1,1,0,0,2,R1-800um-top-to-bottom-center_frame_623,110
R1-600um-top-to-bottom-center_frame_412_patch_6.png,image_1275.jpg,1,0,0,0,1,R1-600um-top-to-bottom-center_frame_412,100
R1-700um-top-to-bottom-center_frame_673_patch_6.png,image_1277.jpg,1,0,0,0,1,R1-700um-top-to-bottom-center_frame_673,100
R1-1100um-top-to-bottom-center-1_frame_250_patch_0.png,image_1278.jpg,1,0,1,0,2,R1-1100um-top-to-bottom-center-1_frame_250,101
R1-800um-top-to-bottom-center_frame_513_patch_8.png,image_1280.jpg,1,0,0,0,1,R1-800um-top-to-bottom-center_frame_513,100
R1-1100um-top-to-bottom-center-1_frame_267_patch_8.png,image_1282.jpg,1,0,0,0,1,R1-1100um-top-to-bottom-center-1_frame_267,100
R1-1000um-top-to-bottom-center_frame_338_patch_6.png,image_1283.jpg,1,0,0,0,1,R1-1000um-top-to-bottom-center_frame_338,100
R1-1100um-top-to-bottom-center-1_frame_280_patch_3.png,image_1285.jpg,1,0,0,0,1,R1-1100um-top-to-bottom-center-1_frame_280,100
R1-1000um-top-to-bottom-center_frame_156_patch_5.png,image_1286.jpg,1,0,0,0,1,R1-1000um-top-to-bottom-center_frame_156,100
R1-900um-top-to-bottom-center_frame_565_patch_2.png,image_1287.jpg,1,0,0,0,1,R1-900um-top-to-bottom-center_frame_565,100
R1-1100um-top-to-bottom-center-1_frame_468_patch_6.png,image_1289.jpg,1,0,0,0,1,R1-1100um-top-to-bottom-center-1_frame_468,100
R1-800um-top-to-bottom-center_frame_412_patch_7.png,image_1290.jpg,1,0,0,0,1,R1-800um-top-to-bottom-center_frame_412,100
R1-600um-top-to-bottom-center_frame_203_patch_0.png,image_1291.jpg,0,0,1,0,1,R1-600um-top-to-bottom-center_frame_203,001
R1-1100um-top-to-bottom-center-1_frame_241_patch_5.png,image_1292.jpg,1,0,0,0,1,R1-1100um-top-to-bottom-center-1_frame_241,100
R1-800um-top-to-bottom-center_frame_638_patch_8.png,image_1294.jpg,1,1,0,0,2,R1-800um-top-to-bottom-center_frame_638,110
R1-700um-top-to-bottom-center_frame_426_patch_7.png,image_1295.jpg,1,0,0,0,1,R1-700um-top-to-bottom-center_frame_426,100
R1-600um-top-to-bottom-center_frame_418_patch_7.png,image_1296.jpg,1,0,0,0,1,R1-600um-top-to-bottom-center_frame_418,100
R1-1100um-top-to-bottom-center-1_frame_96_patch_5.png,image_1297.jpg,1,0,1,0,2,R1-1100um-top-to-bottom-center-1_frame_96,101
R1-600um-top-to-bottom-center_frame_0_patch_3.png,image_1299.jpg,0,0,1,0,1,R1-600um-top-to-bottom-center_frame_0,001
R1-1100um-top-to-bottom-center_frame_223_patch_5.png,image_1300.jpg,1,0,0,0,1,R1-1100um-top-to-bottom-center_frame_223,100
R1-600um-top-to-bottom-center_frame_376_patch_4.png,image_1303.jpg,1,0,1,0,2,R1-600um-top-to-bottom-center_frame_376,101
R7-700um-middle_frame_503_patch_2.png,image_1304.jpg,1,0,0,0,1,R7-700um-middle_frame_503,100
R1-800um-top-to-bottom-center_frame_358_patch_0.png,image_1305.jpg,1,0,0,0,1,R1-800um-top-to-bottom-center_frame_358,100
R1-700um-top-to-bottom-center_frame_44_patch_1.png,image_1306.jpg,1,0,1,0,2,R1-700um-top-to-bottom-center_frame_44,101
R1-700um-top-to-bottom-center_frame_387_patch_6.png,image_1307.jpg,1,0,1,0,2,R1-700um-top-to-bottom-center_frame_387,101
R1-1100um-top-to-bottom-center-1_frame_120_patch_1.png,image_1308.jpg,1,0,0,0,1,R1-1100um-top-to-bottom-center-1_frame_120,100
R1-900um-top-to-bottom-center_frame_166_patch_1.png,image_1310.jpg,1,0,0,0,1,R1-900um-top-to-bottom-center_frame_166,100
R1-600um-top-to-bottom-center_frame_631_patch_4.png,image_1311.jpg,1,0,0,0,1,R1-600um-top-to-bottom-center_frame_631,100
R1-800um-top-to-bottom-center_frame_623_patch_0.png,image_1312.jpg,1,1,0,0,2,R1-800um-top-to-bottom-center_frame_623,110
R1-600um-top-to-bottom-center_frame_394_patch_1.png,image_1314.jpg,1,0,0,0,1,R1-600um-top-to-bottom-center_frame_394,100
R1-900um-top-to-bottom-center_frame_564_patch_0.png,image_1315.jpg,1,0,0,0,1,R1-900um-top-to-bottom-center_frame_564,100
R1-1100um-top-to-bottom-center_frame_386_patch_1.png,image_1318.jpg,1,0,0,0,1,R1-1100um-top-to-bottom-center_frame_386,100
R1-700um-top-to-bottom-center_frame_329_patch_1.png,image_1319.jpg,1,0,1,0,2,R1-700um-top-to-bottom-center_frame_329,101
R1-900um-top-to-bottom-center_frame_179_patch_8.png,image_1322.jpg,1,0,1,0,2,R1-900um-top-to-bottom-center_frame_179,101
R1-1100um-top-to-bottom-center_frame_223_patch_4.png,image_1323.jpg,1,0,0,0,1,R1-1100um-top-to-bottom-center_frame_223,100
R1-800um-top-to-bottom-center_frame_608_patch_1.png,image_1324.jpg,1,1,1,0,3,R1-800um-top-to-bottom-center_frame_608,111
R1-1100um-top-to-bottom-center_frame_43_patch_3.png,image_1328.jpg,1,0,0,0,1,R1-1100um-top-to-bottom-center_frame_43,100
R1-900um-top-to-bottom-center_frame_37_patch_8.png,image_1330.jpg,0,0,1,0,1,R1-900um-top-to-bottom-center_frame_37,001
R1-1100um-top-to-bottom-center_frame_43_patch_8.png,image_1331.jpg,1,0,0,0,1,R1-1100um-top-to-bottom-center_frame_43,100
R1-600um-top-to-bottom-center_frame_408_patch_6.png,image_1332.jpg,1,0,1,0,2,R1-600um-top-to-bottom-center_frame_408,101
R1-800um-top-to-bottom-center_frame_181_patch_4.png,image_1333.jpg,0,0,1,0,1,R1-800um-top-to-bottom-center_frame_181,001
R1-800um-top-to-bottom-center_frame_304_patch_2.png,image_1334.jpg,1,0,0,0,1,R1-800um-top-to-bottom-center_frame_304,100
R1-1100um-top-to-bottom-center-1_frame_447_patch_0.png,image_1335.jpg,1,0,0,0,1,R1-1100um-top-to-bottom-center-1_frame_447,100
R1-600um-top-to-bottom-center_frame_511_patch_1.png,image_1337.jpg,1,0,0,0,1,R1-600um-top-to-bottom-center_frame_511,100
R1-900um-top-to-bottom-center_frame_179_patch_1.png,image_1338.jpg,1,0,0,0,1,R1-900um-top-to-bottom-center_frame_179,100
R1-900um-top-to-bottom-center_frame_37_patch_4.png,image_1339.jpg,1,0,0,0,1,R1-900um-top-to-bottom-center_frame_37,100
R1-800um-top-to-bottom-center_frame_255_patch_1.png,image_1340.jpg,0,0,1,0,1,R1-800um-top-to-bottom-center_frame_255,001
R1-900um-top-to-bottom-center_frame_434_patch_3.png,image_1341.jpg,1,0,0,0,1,R1-900um-top-to-bottom-center_frame_434,100
R1-1100um-top-to-bottom-center-1_frame_225_patch_4.png,image_1343.jpg,1,0,0,0,1,R1-1100um-top-to-bottom-center-1_frame_225,100
R1-600um-top-to-bottom-center_frame_394_patch_5.png,image_1344.jpg,1,0,1,0,2,R1-600um-top-to-bottom-center_frame_394,101
R1-1100um-top-to-bottom-center_frame_356_patch_5.png,image_1345.jpg,1,0,0,0,1,R1-1100um-top-to-bottom-center_frame_356,100
R1-1000um-top-to-bottom-center_frame_209_patch_1.png,image_1346.jpg,1,0,0,0,1,R1-1000um-top-to-bottom-center_frame_209,100
R1-800um-top-to-bottom-center_frame_367_patch_0.png,image_1347.jpg,1,0,0,0,1,R1-800um-top-to-bottom-center_frame_367,100
R1-800um-top-to-bottom-center_frame_105_patch_6.png,image_1350.jpg,0,0,1,0,1,R1-800um-top-to-bottom-center_frame_105,001
R1-700um-top-to-bottom-center_frame_312_patch_5.png,image_1351.jpg,1,0,1,0,2,R1-700um-top-to-bottom-center_frame_312,101
R1-1100um-top-to-bottom-center_frame_232_patch_1.png,image_1352.jpg,1,0,1,0,2,R1-1100um-top-to-bottom-center_frame_232,101
R1-700um-top-to-bottom-center_frame_279_patch_1.png,image_1357.jpg,1,0,0,0,1,R1-700um-top-to-bottom-center_frame_279,100
R1-1000um-top-to-bottom-center_frame_245_patch_8.png,image_1359.jpg,1,0,0,0,1,R1-1000um-top-to-bottom-center_frame_245,100
R1-600um-top-to-bottom-center_frame_412_patch_4.png,image_1361.jpg,1,0,0,0,1,R1-600um-top-to-bottom-center_frame_412,100
R1-1100um-top-to-bottom-center_frame_245_patch_7.png,image_1363.jpg,1,0,0,0,1,R1-1100um-top-to-bottom-center_frame_245,100
R1-900um-top-to-bottom-center_frame_332_patch_6.png,image_1366.jpg,1,0,0,0,1,R1-900um-top-to-bottom-center_frame_332,100
R1-1000um-top-to-bottom-center_frame_173_patch_8.png,image_1367.jpg,1,0,0,0,1,R1-1000um-top-to-bottom-center_frame_173,100
R1-1000um-top-to-bottom-center_frame_225_patch_2.png,image_1368.jpg,1,0,1,0,2,R1-1000um-top-to-bottom-center_frame_225,101
R7-700um-middle_frame_574_patch_4.png,image_1369.jpg,0,1,0,0,1,R7-700um-middle_frame_574,010
R1-600um-top-to-bottom-center_frame_631_patch_5.png,image_1370.jpg,1,0,0,0,1,R1-600um-top-to-bottom-center_frame_631,100
R1-1100um-top-to-bottom-center-1_frame_425_patch_3.png,image_1371.jpg,1,1,0,0,2,R1-1100um-top-to-bottom-center-1_frame_425,110
R1-600um-top-to-bottom-center_frame_52_patch_2.png,image_1372.jpg,0,0,1,0,1,R1-600um-top-to-bottom-center_frame_52,001
R1-1100um-top-to-bottom-center_frame_254_patch_6.png,image_1374.jpg,1,0,0,0,1,R1-1100um-top-to-bottom-center_frame_254,100
R1-1100um-top-to-bottom-center_frame_361_patch_8.png,image_1375.jpg,1,0,1,0,2,R1-1100um-top-to-bottom-center_frame_361,101
R1-700um-top-to-bottom-center_frame_570_patch_0.png,image_1376.jpg,1,0,0,0,1,R1-700um-top-to-bottom-center_frame_570,100
R1-700um-top-to-bottom-center_frame_597_patch_8.png,image_1379.jpg,1,0,0,0,1,R1-700um-top-to-bottom-center_frame_597,100
R1-1100um-top-to-bottom-center_frame_264_patch_3.png,image_1380.jpg,1,0,0,0,1,R1-1100um-top-to-bottom-center_frame_264,100
R1-800um-top-to-bottom-center_frame_454_patch_0.png,image_1382.jpg,1,0,0,0,1,R1-800um-top-to-bottom-center_frame_454,100
R1-800um-top-to-bottom-center_frame_454_patch_5.png,image_1384.jpg,1,0,0,0,1,R1-800um-top-to-bottom-center_frame_454,100
R1-1100um-top-to-bottom-center_frame_109_patch_2.png,image_1386.jpg,1,0,0,0,1,R1-1100um-top-to-bottom-center_frame_109,100
R1-1000um-top-to-bottom-center_frame_245_patch_5.png,image_1387.jpg,1,0,1,0,2,R1-1000um-top-to-bottom-center_frame_245,101
R1-600um-top-to-bottom-center_frame_376_patch_1.png,image_1388.jpg,1,0,1,0,2,R1-600um-top-to-bottom-center_frame_376,101
R1-1100um-top-to-bottom-center_frame_245_patch_6.png,image_1389.jpg,1,0,0,0,1,R1-1100um-top-to-bottom-center_frame_245,100
R1-1100um-top-to-bottom-center_frame_253_patch_4.png,image_1393.jpg,1,0,1,0,2,R1-1100um-top-to-bottom-center_frame_253,101
R1-800um-top-to-bottom-center_frame_318_patch_7.png,image_1396.jpg,1,0,0,0,1,R1-800um-top-to-bottom-center_frame_318,100
R1-1000um-top-to-bottom-center_frame_225_patch_4.png,image_1397.jpg,1,0,0,0,1,R1-1000um-top-to-bottom-center_frame_225,100
R7-700um-middle_frame_500_patch_0.png,image_1398.jpg,1,0,0,0,1,R7-700um-middle_frame_500,100
R1-1100um-top-to-bottom-center-1_frame_470_patch_2.png,image_1399.jpg,1,1,0,0,2,R1-1100um-top-to-bottom-center-1_frame_470,110
R1-1000um-top-to-bottom-center_frame_434_patch_4.png,image_1400.jpg,1,0,0,0,1,R1-1000um-top-to-bottom-center_frame_434,100
R1-1100um-top-to-bottom-center-1_frame_447_patch_8.png,image_1401.jpg,1,1,0,0,2,R1-1100um-top-to-bottom-center-1_frame_447,110
R7-700um-middle_frame_221_patch_5.png,image_1403.jpg,1,0,0,0,1,R7-700um-middle_frame_221,100
R1-1100um-top-to-bottom-center_frame_253_patch_8.png,image_1405.jpg,1,0,0,0,1,R1-1100um-top-to-bottom-center_frame_253,100
R1-900um-top-to-bottom-center_frame_288_patch_6.png,image_1407.jpg,1,0,0,0,1,R1-900um-top-to-bottom-center_frame_288,100
R7-700um-middle_frame_503_patch_0.png,image_1409.jpg,1,0,1,0,2,R7-700um-middle_frame_503,101
R1-600um-top-to-bottom-center_frame_459_patch_4.png,image_1410.jpg,1,0,0,0,1,R1-600um-top-to-bottom-center_frame_459,100
R1-900um-top-to-bottom-center_frame_303_patch_5.png,image_1411.jpg,1,0,0,0,1,R1-900um-top-to-bottom-center_frame_303,100
R1-700um-top-to-bottom-center_frame_289_patch_4.png,image_1412.jpg,1,0,0,0,1,R1-700um-top-to-bottom-center_frame_289,100
R1-1100um-top-to-bottom-center_frame_109_patch_1.png,image_1414.jpg,1,0,1,0,2,R1-1100um-top-to-bottom-center_frame_109,101
R1-700um-top-to-bottom-center_frame_673_patch_7.png,image_1415.jpg,1,0,0,0,1,R1-700um-top-to-bottom-center_frame_673,100
R1-800um-top-to-bottom-center_frame_72_patch_6.png,image_1416.jpg,0,0,1,0,1,R1-800um-top-to-bottom-center_frame_72,001
R1-700um-top-to-bottom-center_frame_260_patch_1.png,image_1419.jpg,1,0,0,0,1,R1-700um-top-to-bottom-center_frame_260,100
R1-600um-top-to-bottom-center_frame_412_patch_5.png,image_1422.jpg,1,0,0,0,1,R1-600um-top-to-bottom-center_frame_412,100
R1-900um-top-to-bottom-center_frame_557_patch_0.png,image_1423.jpg,1,0,0,0,1,R1-900um-top-to-bottom-center_frame_557,100
R1-700um-top-to-bottom-center_frame_254_patch_1.png,image_1428.jpg,1,0,0,0,1,R1-700um-top-to-bottom-center_frame_254,100
R1-1000um-top-to-bottom-center_frame_245_patch_4.png,image_1429.jpg,1,0,0,0,1,R1-1000um-top-to-bottom-center_frame_245,100
R1-1100um-top-to-bottom-center-1_frame_220_patch_4.png,image_1430.jpg,1,0,0,0,1,R1-1100um-top-to-bottom-center-1_frame_220,100
R1-1000um-top-to-bottom-center_frame_594_patch_8.png,image_1431.jpg,1,0,1,0,2,R1-1000um-top-to-bottom-center_frame_594,101
R1-900um-top-to-bottom-center_frame_234_patch_0.png,image_1432.jpg,1,0,0,0,1,R1-900um-top-to-bottom-center_frame_234,100
R1-1000um-top-to-bottom-center_frame_96_patch_7.png,image_1433.jpg,0,0,1,0,1,R1-1000um-top-to-bottom-center_frame_96,001
R1-1100um-top-to-bottom-center_frame_384_patch_5.png,image_1434.jpg,1,0,1,0,2,R1-1100um-top-to-bottom-center_frame_384,101
R1-600um-top-to-bottom-center_frame_387_patch_6.png,image_1438.jpg,1,0,0,0,1,R1-600um-top-to-bottom-center_frame_387,100
R1-800um-top-to-bottom-center_frame_454_patch_7.png,image_1440.jpg,1,0,0,0,1,R1-800um-top-to-bottom-center_frame_454,100
R1-1100um-top-to-bottom-center_frame_239_patch_0.png,image_1441.jpg,1,0,0,0,1,R1-1100um-top-to-bottom-center_frame_239,100
R1-1100um-top-to-bottom-center-1_frame_169_patch_0.png,image_1442.jpg,1,0,0,0,1,R1-1100um-top-to-bottom-center-1_frame_169,100
R1-1100um-top-to-bottom-center-1_frame_470_patch_1.png,image_1443.jpg,1,1,0,0,2,R1-1100um-top-to-bottom-center-1_frame_470,110
R1-700um-top-to-bottom-center_frame_334_patch_1.png,image_1444.jpg,1,0,0,0,1,R1-700um-top-to-bottom-center_frame_334,100
R1-800um-top-to-bottom-center_frame_554_patch_4.png,image_1445.jpg,1,0,0,0,1,R1-800um-top-to-bottom-center_frame_554,100
R7-700um-middle_frame_503_patch_4.png,image_1446.jpg,1,0,0,0,1,R7-700um-middle_frame_503,100
R1-1100um-top-to-bottom-center-1_frame_397_patch_8.png,image_1448.jpg,1,1,0,0,2,R1-1100um-top-to-bottom-center-1_frame_397,110
R1-600um-top-to-bottom-center_frame_356_patch_0.png,image_1449.jpg,1,0,0,0,1,R1-600um-top-to-bottom-center_frame_356,100
R1-600um-top-to-bottom-center_frame_603_patch_0.png,image_1450.jpg,1,0,0,0,1,R1-600um-top-to-bottom-center_frame_603,100
R1-700um-top-to-bottom-center_frame_648_patch_6.png,image_1451.jpg,1,0,1,0,2,R1-700um-top-to-bottom-center_frame_648,101
R1-800um-top-to-bottom-center_frame_499_patch_5.png,image_1452.jpg,1,0,0,0,1,R1-800um-top-to-bottom-center_frame_499,100
R1-900um-top-to-bottom-center_frame_347_patch_0.png,image_1454.jpg,1,0,0,0,1,R1-900um-top-to-bottom-center_frame_347,100
R1-1100um-top-to-bottom-center_frame_43_patch_4.png,image_1455.jpg,1,0,1,0,2,R1-1100um-top-to-bottom-center_frame_43,101
R1-900um-top-to-bottom-center_frame_288_patch_8.png,image_1457.jpg,1,0,0,0,1,R1-900um-top-to-bottom-center_frame_288,100
R1-800um-top-to-bottom-center_frame_513_patch_7.png,image_1458.jpg,1,0,0,0,1,R1-800um-top-to-bottom-center_frame_513,100
R1-1100um-top-to-bottom-center-1_frame_161_patch_1.png,image_1459.jpg,1,0,1,0,2,R1-1100um-top-to-bottom-center-1_frame_161,101
R1-900um-top-to-bottom-center_frame_376_patch_5.png,image_1461.jpg,1,0,0,0,1,R1-900um-top-to-bottom-center_frame_376,100
R1-700um-top-to-bottom-center_frame_321_patch_7.png,image_1462.jpg,1,0,0,0,1,R1-700um-top-to-bottom-center_frame_321,100
R1-1100um-top-to-bottom-center-1_frame_468_patch_5.png,image_1464.jpg,1,1,0,0,2,R1-1100um-top-to-bottom-center-1_frame_468,110
R1-1100um-top-to-bottom-center_frame_264_patch_8.png,image_1466.jpg,1,0,0,0,1,R1-1100um-top-to-bottom-center_frame_264,100
R1-900um-top-to-bottom-center_frame_303_patch_7.png,image_1468.jpg,1,0,0,0,1,R1-900um-top-to-bottom-center_frame_303,100
R1-700um-top-to-bottom-center_frame_321_patch_6.png,image_1470.jpg,1,0,0,0,1,R1-700um-top-to-bottom-center_frame_321,100
R1-1100um-top-to-bottom-center-1_frame_161_patch_2.png,image_1472.jpg,1,0,1,0,2,R1-1100um-top-to-bottom-center-1_frame_161,101
R1-1100um-top-to-bottom-center_frame_109_patch_0.png,image_1476.jpg,1,0,1,0,2,R1-1100um-top-to-bottom-center_frame_109,101
R1-1100um-top-to-bottom-center_frame_361_patch_1.png,image_1477.jpg,1,0,0,0,1,R1-1100um-top-to-bottom-center_frame_361,100
R1-600um-top-to-bottom-center_frame_622_patch_5.png,image_1479.jpg,1,0,0,0,1,R1-600um-top-to-bottom-center_frame_622,100
R1-900um-top-to-bottom-center_frame_332_patch_3.png,image_1480.jpg,1,0,0,0,1,R1-900um-top-to-bottom-center_frame_332,100
R1-700um-top-to-bottom-center_frame_587_patch_0.png,image_1482.jpg,1,0,0,0,1,R1-700um-top-to-bottom-center_frame_587,100
R1-800um-top-to-bottom-center_frame_554_patch_5.png,image_1483.jpg,1,1,0,0,2,R1-800um-top-to-bottom-center_frame_554,110
R1-1100um-top-to-bottom-center-1_frame_120_patch_7.png,image_1484.jpg,1,0,1,0,2,R1-1100um-top-to-bottom-center-1_frame_120,101
R7-700um-middle_frame_221_patch_4.png,image_1485.jpg,1,0,0,0,1,R7-700um-middle_frame_221,100
R1-1100um-top-to-bottom-center_frame_264_patch_7.png,image_1486.jpg,1,0,1,0,2,R1-1100um-top-to-bottom-center_frame_264,101
R1-600um-top-to-bottom-center_frame_553_patch_1.png,image_1487.jpg,1,0,1,0,2,R1-600um-top-to-bottom-center_frame_553,101
R1-900um-top-to-bottom-center_frame_221_patch_3.png,image_1489.jpg,1,0,0,0,1,R1-900um-top-to-bottom-center_frame_221,100
R1-900um-top-to-bottom-center_frame_263_patch_4.png,image_1491.jpg,1,0,0,0,1,R1-900um-top-to-bottom-center_frame_263,100
R1-700um-top-to-bottom-center_frame_426_patch_8.png,image_1495.jpg,1,0,0,0,1,R1-700um-top-to-bottom-center_frame_426,100
R1-800um-top-to-bottom-center_frame_80_patch_5.png,image_1496.jpg,0,0,1,0,1,R1-800um-top-to-bottom-center_frame_80,001
R1-1000um-top-to-bottom-center_frame_170_patch_2.png,image_1497.jpg,1,0,0,0,1,R1-1000um-top-to-bottom-center_frame_170,100
R1-800um-top-to-bottom-center_frame_554_patch_1.png,image_1500.jpg,1,1,0,0,2,R1-800um-top-to-bottom-center_frame_554,110
R1-800um-top-to-bottom-center_frame_318_patch_8.png,image_1502.jpg,1,0,0,0,1,R1-800um-top-to-bottom-center_frame_318,100
R1-900um-top-to-bottom-center_frame_221_patch_1.png,image_1504.jpg,1,0,0,0,1,R1-900um-top-to-bottom-center_frame_221,100
R1-1100um-top-to-bottom-center_frame_384_patch_2.png,image_1506.jpg,1,0,0,0,1,R1-1100um-top-to-bottom-center_frame_384,100
R1-1100um-top-to-bottom-center_frame_161_patch_2.png,image_1507.jpg,1,0,0,0,1,R1-1100um-top-to-bottom-center_frame_161,100
R1-700um-top-to-bottom-center_frame_44_patch_4.png,image_1508.jpg,1,0,0,0,1,R1-700um-top-to-bottom-center_frame_44,100
R1-600um-top-to-bottom-center_frame_356_patch_1.png,image_1509.jpg,1,0,0,0,1,R1-600um-top-to-bottom-center_frame_356,100
R1-900um-top-to-bottom-center_frame_347_patch_3.png,image_1510.jpg,1,0,0,0,1,R1-900um-top-to-bottom-center_frame_347,100
R1-1100um-top-to-bottom-center_frame_302_patch_8.png,image_1511.jpg,1,0,0,0,1,R1-1100um-top-to-bottom-center_frame_302,100
R1-700um-top-to-bottom-center_frame_364_patch_0.png,image_1514.jpg,1,0,1,0,2,R1-700um-top-to-bottom-center_frame_364,101
R1-1100um-top-to-bottom-center_frame_342_patch_7.png,image_1516.jpg,1,0,0,0,1,R1-1100um-top-to-bottom-center_frame_342,100
R1-1000um-top-to-bottom-center_frame_134_patch_4.png,image_1517.jpg,1,0,1,0,2,R1-1000um-top-to-bottom-center_frame_134,101
R1-1100um-top-to-bottom-center_frame_386_patch_8.png,image_1518.jpg,1,0,0,0,1,R1-1100um-top-to-bottom-center_frame_386,100
R1-900um-top-to-bottom-center_frame_290_patch_8.png,image_1523.jpg,1,0,0,0,1,R1-900um-top-to-bottom-center_frame_290,100
R1-1000um-top-to-bottom-center_frame_180_patch_4.png,image_1524.jpg,1,0,0,0,1,R1-1000um-top-to-bottom-center_frame_180,100
R1-1100um-top-to-bottom-center-1_frame_220_patch_8.png,image_1525.jpg,1,0,0,0,1,R1-1100um-top-to-bottom-center-1_frame_220,100
R1-600um-top-to-bottom-center_frame_622_patch_7.png,image_1528.jpg,1,0,1,0,2,R1-600um-top-to-bottom-center_frame_622,101
R1-800um-top-to-bottom-center_frame_358_patch_1.png,image_1529.jpg,1,0,0,0,1,R1-800um-top-to-bottom-center_frame_358,100
R1-700um-top-to-bottom-center_frame_279_patch_4.png,image_1530.jpg,1,0,1,0,2,R1-700um-top-to-bottom-center_frame_279,101
R7-700um-middle_frame_208_patch_7.png,image_1531.jpg,1,0,0,0,1,R7-700um-middle_frame_208,100
R1-800um-top-to-bottom-center_frame_651_patch_6.png,image_1532.jpg,1,1,0,0,2,R1-800um-top-to-bottom-center_frame_651,110
R1-600um-top-to-bottom-center_frame_408_patch_4.png,image_1533.jpg,1,0,0,0,1,R1-600um-top-to-bottom-center_frame_408,100
R1-600um-top-to-bottom-center_frame_53_patch_2.png,image_1535.jpg,0,0,1,0,1,R1-600um-top-to-bottom-center_frame_53,001
R1-600um-top-to-bottom-center_frame_311_patch_8.png,image_1537.jpg,0,0,1,0,1,R1-600um-top-to-bottom-center_frame_311,001
R1-1100um-top-to-bottom-center-1_frame_342_patch_8.png,image_1538.jpg,1,0,0,0,1,R1-1100um-top-to-bottom-center-1_frame_342,100
R7-700um-middle_frame_512_patch_0.png,image_1542.jpg,1,0,0,0,1,R7-700um-middle_frame_512,100
R7-700um-middle_frame_553_patch_0.png,image_1543.jpg,0,1,0,0,1,R7-700um-middle_frame_553,010
R1-600um-top-to-bottom-center_frame_376_patch_7.png,image_1544.jpg,1,0,0,0,1,R1-600um-top-to-bottom-center_frame_376,100
R1-700um-top-to-bottom-center_frame_329_patch_7.png,image_1546.jpg,1,0,0,0,1,R1-700um-top-to-bottom-center_frame_329,100
R1-1100um-top-to-bottom-center_frame_177_patch_7.png,image_1548.jpg,1,0,1,0,2,R1-1100um-top-to-bottom-center_frame_177,101
R1-800um-top-to-bottom-center_frame_367_patch_4.png,image_1549.jpg,1,0,0,0,1,R1-800um-top-to-bottom-center_frame_367,100
R1-600um-top-to-bottom-center_frame_394_patch_8.png,image_1550.jpg,1,0,0,0,1,R1-600um-top-to-bottom-center_frame_394,100
R1-900um-top-to-bottom-center_frame_565_patch_7.png,image_1552.jpg,1,0,0,0,1,R1-900um-top-to-bottom-center_frame_565,100
R1-800um-top-to-bottom-center_frame_526_patch_5.png,image_1553.jpg,1,0,0,0,1,R1-800um-top-to-bottom-center_frame_526,100
R1-1100um-top-to-bottom-center_frame_175_patch_4.png,image_1554.jpg,1,0,0,0,1,R1-1100um-top-to-bottom-center_frame_175,100
R1-1100um-top-to-bottom-center_frame_218_patch_6.png,image_1555.jpg,1,0,0,0,1,R1-1100um-top-to-bottom-center_frame_218,100
R1-900um-top-to-bottom-center_frame_418_patch_4.png,image_1557.jpg,1,0,0,0,1,R1-900um-top-to-bottom-center_frame_418,100
R1-900um-top-to-bottom-center_frame_564_patch_3.png,image_1558.jpg,1,0,0,0,1,R1-900um-top-to-bottom-center_frame_564,100
R1-800um-top-to-bottom-center_frame_492_patch_5.png,image_1559.jpg,1,0,0,0,1,R1-800um-top-to-bottom-center_frame_492,100
R1-800um-top-to-bottom-center_frame_608_patch_5.png,image_1560.jpg,1,0,0,0,1,R1-800um-top-to-bottom-center_frame_608,100
R1-1000um-top-to-bottom-center_frame_287_patch_4.png,image_1561.jpg,1,0,0,0,1,R1-1000um-top-to-bottom-center_frame_287,100
R1-1100um-top-to-bottom-center-1_frame_397_patch_3.png,image_1563.jpg,1,0,0,0,1,R1-1100um-top-to-bottom-center-1_frame_397,100
R1-900um-top-to-bottom-center_frame_10_patch_1.png,image_1564.jpg,1,0,0,0,1,R1-900um-top-to-bottom-center_frame_10,100
R1-800um-top-to-bottom-center_frame_412_patch_6.png,image_1565.jpg,1,0,1,0,2,R1-800um-top-to-bottom-center_frame_412,101
R1-600um-top-to-bottom-center_frame_586_patch_1.png,image_1566.jpg,1,0,1,0,2,R1-600um-top-to-bottom-center_frame_586,101
R1-1100um-top-to-bottom-center_frame_109_patch_7.png,image_1567.jpg,1,0,0,0,1,R1-1100um-top-to-bottom-center_frame_109,100
R1-1100um-top-to-bottom-center-1_frame_402_patch_2.png,image_1568.jpg,1,1,1,0,3,R1-1100um-top-to-bottom-center-1_frame_402,111
R1-900um-top-to-bottom-center_frame_332_patch_1.png,image_1569.jpg,1,0,0,0,1,R1-900um-top-to-bottom-center_frame_332,100
R1-800um-top-to-bottom-center_frame_641_patch_8.png,image_1570.jpg,1,1,1,0,3,R1-800um-top-to-bottom-center_frame_641,111
R1-1100um-top-to-bottom-center_frame_262_patch_0.png,image_1571.jpg,1,0,0,0,1,R1-1100um-top-to-bottom-center_frame_262,100
R7-700um-middle_frame_566_patch_2.png,image_1575.jpg,0,1,0,0,1,R7-700um-middle_frame_566,010
R1-1100um-top-to-bottom-center-1_frame_280_patch_7.png,image_1576.jpg,1,0,0,0,1,R1-1100um-top-to-bottom-center-1_frame_280,100
R1-600um-top-to-bottom-center_frame_594_patch_6.png,image_1578.jpg,1,0,0,0,1,R1-600um-top-to-bottom-center_frame_594,100
R1-1000um-top-to-bottom-center_frame_209_patch_5.png,image_1579.jpg,1,0,0,0,1,R1-1000um-top-to-bottom-center_frame_209,100
R1-600um-top-to-bottom-center_frame_412_patch_0.png,image_1583.jpg,1,0,0,0,1,R1-600um-top-to-bottom-center_frame_412,100
R1-800um-top-to-bottom-center_frame_631_patch_7.png,image_1584.jpg,1,1,0,0,2,R1-800um-top-to-bottom-center_frame_631,110
R1-1100um-top-to-bottom-center-1_frame_425_patch_6.png,image_1586.jpg,1,1,0,0,2,R1-1100um-top-to-bottom-center-1_frame_425,110
R1-800um-top-to-bottom-center_frame_86_patch_0.png,image_1587.jpg,0,0,1,0,1,R1-800um-top-to-bottom-center_frame_86,001
R1-900um-top-to-bottom-center_frame_234_patch_6.png,image_1589.jpg,1,0,0,0,1,R1-900um-top-to-bottom-center_frame_234,100
R1-1100um-top-to-bottom-center-1_frame_447_patch_3.png,image_1590.jpg,1,0,0,0,1,R1-1100um-top-to-bottom-center-1_frame_447,100
R1-1100um-top-to-bottom-center_frame_281_patch_3.png,image_1591.jpg,1,0,0,0,1,R1-1100um-top-to-bottom-center_frame_281,100
R1-1100um-top-to-bottom-center_frame_218_patch_0.png,image_1592.jpg,1,0,0,0,1,R1-1100um-top-to-bottom-center_frame_218,100
R1-1000um-top-to-bottom-center_frame_287_patch_8.png,image_1593.jpg,1,0,0,0,1,R1-1000um-top-to-bottom-center_frame_287,100
R1-600um-top-to-bottom-center_frame_394_patch_7.png,image_1594.jpg,1,0,0,0,1,R1-600um-top-to-bottom-center_frame_394,100
R1-800um-top-to-bottom-center_frame_526_patch_6.png,image_1596.jpg,1,0,0,0,1,R1-800um-top-to-bottom-center_frame_526,100
R1-700um-top-to-bottom-center_frame_426_patch_4.png,image_1597.jpg,1,0,0,0,1,R1-700um-top-to-bottom-center_frame_426,100
R1-700um-top-to-bottom-center_frame_312_patch_7.png,image_1600.jpg,1,0,0,0,1,R1-700um-top-to-bottom-center_frame_312,100
R1-800um-top-to-bottom-center_frame_412_patch_2.png,image_1601.jpg,1,0,0,0,1,R1-800um-top-to-bottom-center_frame_412,100
R7-700um-middle_frame_520_patch_8.png,image_1602.jpg,1,0,0,0,1,R7-700um-middle_frame_520,100
R7-700um-middle_frame_212_patch_2.png,image_1603.jpg,1,0,1,0,2,R7-700um-middle_frame_212,101
R1-1100um-top-to-bottom-center-1_frame_96_patch_0.png,image_1605.jpg,1,0,0,0,1,R1-1100um-top-to-bottom-center-1_frame_96,100
R1-1100um-top-to-bottom-center_frame_361_patch_4.png,image_1606.jpg,1,0,0,0,1,R1-1100um-top-to-bottom-center_frame_361,100
R1-1100um-top-to-bottom-center-1_frame_502_patch_6.png,image_1607.jpg,1,1,0,0,2,R1-1100um-top-to-bottom-center-1_frame_502,110
R1-800um-top-to-bottom-center_frame_641_patch_0.png,image_1609.jpg,1,0,1,0,2,R1-800um-top-to-bottom-center_frame_641,101
R1-800um-top-to-bottom-center_frame_554_patch_8.png,image_1610.jpg,1,1,0,0,2,R1-800um-top-to-bottom-center_frame_554,110
R1-700um-top-to-bottom-center_frame_312_patch_1.png,image_1612.jpg,1,0,0,0,1,R1-700um-top-to-bottom-center_frame_312,100
R1-600um-top-to-bottom-center_frame_63_patch_4.png,image_1613.jpg,0,0,1,0,1,R1-600um-top-to-bottom-center_frame_63,001
R1-1100um-top-to-bottom-center_frame_302_patch_3.png,image_1614.jpg,1,0,1,0,2,R1-1100um-top-to-bottom-center_frame_302,101
R1-900um-top-to-bottom-center_frame_126_patch_3.png,image_1616.jpg,1,0,0,0,1,R1-900um-top-to-bottom-center_frame_126,100
R7-700um-middle_frame_558_patch_5.png,image_1617.jpg,0,1,0,0,1,R7-700um-middle_frame_558,010
R1-700um-top-to-bottom-center_frame_289_patch_1.png,image_1618.jpg,1,0,0,0,1,R1-700um-top-to-bottom-center_frame_289,100
R1-800um-top-to-bottom-center_frame_623_patch_5.png,image_1619.jpg,1,1,1,0,3,R1-800um-top-to-bottom-center_frame_623,111
R1-1100um-top-to-bottom-center-1_frame_481_patch_5.png,image_1620.jpg,1,0,0,0,1,R1-1100um-top-to-bottom-center-1_frame_481,100
R7-700um-middle_frame_100_patch_0.png,image_1623.jpg,1,0,0,0,1,R7-700um-middle_frame_100,100
R1-900um-top-to-bottom-center_frame_316_patch_6.png,image_1624.jpg,1,0,0,0,1,R1-900um-top-to-bottom-center_frame_316,100
R1-1100um-top-to-bottom-center_frame_287_patch_6.png,image_1625.jpg,1,0,0,0,1,R1-1100um-top-to-bottom-center_frame_287,100
R1-900um-top-to-bottom-center_frame_493_patch_8.png,image_1626.jpg,1,0,0,0,1,R1-900um-top-to-bottom-center_frame_493,100
R7-700um-middle_frame_212_patch_0.png,image_1628.jpg,1,0,0,0,1,R7-700um-middle_frame_212,100
R1-600um-top-to-bottom-center_frame_70_patch_5.png,image_1629.jpg,0,0,1,0,1,R1-600um-top-to-bottom-center_frame_70,001
R1-1000um-top-to-bottom-center_frame_338_patch_8.png,image_1630.jpg,1,0,0,0,1,R1-1000um-top-to-bottom-center_frame_338,100
R1-900um-top-to-bottom-center_frame_434_patch_7.png,image_1632.jpg,1,0,0,0,1,R1-900um-top-to-bottom-center_frame_434,100
R1-700um-top-to-bottom-center_frame_505_patch_1.png,image_1633.jpg,1,0,1,0,2,R1-700um-top-to-bottom-center_frame_505,101
R1-1100um-top-to-bottom-center-1_frame_387_patch_4.png,image_1634.jpg,1,1,0,0,2,R1-1100um-top-to-bottom-center-1_frame_387,110
R1-1100um-top-to-bottom-center_frame_223_patch_1.png,image_1635.jpg,1,0,1,0,2,R1-1100um-top-to-bottom-center_frame_223,101
R1-1000um-top-to-bottom-center_frame_384_patch_6.png,image_1636.jpg,1,0,0,0,1,R1-1000um-top-to-bottom-center_frame_384,100
R1-900um-top-to-bottom-center_frame_316_patch_3.png,image_1637.jpg,1,0,1,0,2,R1-900um-top-to-bottom-center_frame_316,101
R1-1100um-top-to-bottom-center_frame_302_patch_6.png,image_1638.jpg,1,0,0,0,1,R1-1100um-top-to-bottom-center_frame_302,100
R1-900um-top-to-bottom-center_frame_303_patch_8.png,image_1640.jpg,1,0,0,0,1,R1-900um-top-to-bottom-center_frame_303,100
R1-1000um-top-to-bottom-center_frame_458_patch_7.png,image_1641.jpg,1,0,1,0,2,R1-1000um-top-to-bottom-center_frame_458,101
R1-800um-top-to-bottom-center_frame_454_patch_4.png,image_1642.jpg,1,0,0,0,1,R1-800um-top-to-bottom-center_frame_454,100
R1-1100um-top-to-bottom-center-1_frame_470_patch_3.png,image_1645.jpg,1,0,0,0,1,R1-1100um-top-to-bottom-center-1_frame_470,100
R7-700um-middle_frame_97_patch_0.png,image_1646.jpg,1,0,0,0,1,R7-700um-middle_frame_97,100
R1-800um-top-to-bottom-center_frame_623_patch_8.png,image_1647.jpg,1,0,0,0,1,R1-800um-top-to-bottom-center_frame_623,100
R1-900um-top-to-bottom-center_frame_418_patch_7.png,image_1648.jpg,1,0,0,0,1,R1-900um-top-to-bottom-center_frame_418,100
R1-1100um-top-to-bottom-center_frame_220_patch_1.png,image_1650.jpg,1,0,1,0,2,R1-1100um-top-to-bottom-center_frame_220,101
R1-600um-top-to-bottom-center_frame_58_patch_2.png,image_1651.jpg,0,0,1,0,1,R1-600um-top-to-bottom-center_frame_58,001
R1-900um-top-to-bottom-center_frame_221_patch_8.png,image_1652.jpg,1,0,1,0,2,R1-900um-top-to-bottom-center_frame_221,101
R1-1100um-top-to-bottom-center-1_frame_342_patch_3.png,image_1656.jpg,1,0,0,0,1,R1-1100um-top-to-bottom-center-1_frame_342,100
R1-1100um-top-to-bottom-center-1_frame_342_patch_7.png,image_1657.jpg,1,0,0,0,1,R1-1100um-top-to-bottom-center-1_frame_342,100
R1-1100um-top-to-bottom-center-1_frame_468_patch_2.png,image_1658.jpg,1,1,0,0,2,R1-1100um-top-to-bottom-center-1_frame_468,110
R1-600um-top-to-bottom-center_frame_511_patch_4.png,image_1659.jpg,1,0,0,0,1,R1-600um-top-to-bottom-center_frame_511,100
R1-1000um-top-to-bottom-center_frame_170_patch_3.png,image_1660.jpg,1,0,1,0,2,R1-1000um-top-to-bottom-center_frame_170,101
R1-800um-top-to-bottom-center_frame_526_patch_3.png,image_1661.jpg,1,0,0,0,1,R1-800um-top-to-bottom-center_frame_526,100
R1-700um-top-to-bottom-center_frame_289_patch_5.png,image_1663.jpg,1,0,1,0,2,R1-700um-top-to-bottom-center_frame_289,101
R1-900um-top-to-bottom-center_frame_512_patch_7.png,image_1665.jpg,1,0,1,0,2,R1-900um-top-to-bottom-center_frame_512,101
R1-700um-top-to-bottom-center_frame_364_patch_2.png,image_1666.jpg,1,0,0,0,1,R1-700um-top-to-bottom-center_frame_364,100
R1-1100um-top-to-bottom-center-1_frame_468_patch_0.png,image_1667.jpg,1,1,0,0,2,R1-1100um-top-to-bottom-center-1_frame_468,110
R1-800um-top-to-bottom-center_frame_101_patch_6.png,image_1669.jpg,0,0,1,0,1,R1-800um-top-to-bottom-center_frame_101,001
R1-1100um-top-to-bottom-center_frame_144_patch_4.png,image_1670.jpg,1,0,0,0,1,R1-1100um-top-to-bottom-center_frame_144,100
R1-700um-top-to-bottom-center_frame_289_patch_7.png,image_1672.jpg,1,0,1,0,2,R1-700um-top-to-bottom-center_frame_289,101
R1-800um-top-to-bottom-center_frame_6_patch_6.png,image_1674.jpg,0,0,1,0,1,R1-800um-top-to-bottom-center_frame_6,001
R7-700um-middle_frame_574_patch_5.png,image_1675.jpg,0,1,0,0,1,R7-700um-middle_frame_574,010
R1-600um-top-to-bottom-center_frame_376_patch_3.png,image_1676.jpg,1,0,0,0,1,R1-600um-top-to-bottom-center_frame_376,100
R1-1100um-top-to-bottom-center-1_frame_161_patch_7.png,image_1677.jpg,1,0,0,0,1,R1-1100um-top-to-bottom-center-1_frame_161,100
R1-900um-top-to-bottom-center_frame_564_patch_8.png,image_1678.jpg,1,1,0,0,2,R1-900um-top-to-bottom-center_frame_564,110
R1-600um-top-to-bottom-center_frame_631_patch_8.png,image_1681.jpg,1,0,0,0,1,R1-600um-top-to-bottom-center_frame_631,100
R1-600um-top-to-bottom-center_frame_104_patch_7.png,image_1683.jpg,0,0,1,0,1,R1-600um-top-to-bottom-center_frame_104,001
R1-1100um-top-to-bottom-center_frame_245_patch_1.png,image_1684.jpg,1,0,0,0,1,R1-1100um-top-to-bottom-center_frame_245,100
R1-1100um-top-to-bottom-center_frame_191_patch_1.png,image_1686.jpg,1,0,1,0,2,R1-1100um-top-to-bottom-center_frame_191,101
R1-1000um-top-to-bottom-center_frame_170_patch_7.png,image_1690.jpg,1,0,0,0,1,R1-1000um-top-to-bottom-center_frame_170,100
R1-1000um-top-to-bottom-center_frame_180_patch_6.png,image_1691.jpg,1,0,1,0,2,R1-1000um-top-to-bottom-center_frame_180,101
R7-700um-middle_frame_221_patch_3.png,image_1694.jpg,1,0,0,0,1,R7-700um-middle_frame_221,100
R1-1000um-top-to-bottom-center_frame_225_patch_0.png,image_1695.jpg,1,0,0,0,1,R1-1000um-top-to-bottom-center_frame_225,100
R7-700um-middle_frame_122_patch_5.png,image_1697.jpg,1,0,0,0,1,R7-700um-middle_frame_122,100
R1-1100um-top-to-bottom-center_frame_161_patch_5.png,image_1698.jpg,1,0,0,0,1,R1-1100um-top-to-bottom-center_frame_161,100
R1-700um-top-to-bottom-center_frame_597_patch_2.png,image_1699.jpg,1,0,0,0,1,R1-700um-top-to-bottom-center_frame_597,100
R1-1100um-top-to-bottom-center_frame_342_patch_8.png,image_1700.jpg,1,0,0,0,1,R1-1100um-top-to-bottom-center_frame_342,100
R1-800um-top-to-bottom-center_frame_492_patch_4.png,image_1701.jpg,1,0,0,0,1,R1-800um-top-to-bottom-center_frame_492,100
R1-900um-top-to-bottom-center_frame_557_patch_8.png,image_1702.jpg,1,1,0,0,2,R1-900um-top-to-bottom-center_frame_557,110
R1-1100um-top-to-bottom-center-1_frame_250_patch_6.png,image_1705.jpg,1,0,0,0,1,R1-1100um-top-to-bottom-center-1_frame_250,100
R1-600um-top-to-bottom-center_frame_511_patch_5.png,image_1707.jpg,1,0,0,0,1,R1-600um-top-to-bottom-center_frame_511,100
R1-800um-top-to-bottom-center_frame_89_patch_7.png,image_1708.jpg,0,0,1,0,1,R1-800um-top-to-bottom-center_frame_89,001
R1-900um-top-to-bottom-center_frame_376_patch_6.png,image_1710.jpg,1,0,0,0,1,R1-900um-top-to-bottom-center_frame_376,100
R1-800um-top-to-bottom-center_frame_367_patch_7.png,image_1711.jpg,1,0,0,0,1,R1-800um-top-to-bottom-center_frame_367,100
R1-1000um-top-to-bottom-center_frame_458_patch_4.png,image_1713.jpg,1,0,1,0,2,R1-1000um-top-to-bottom-center_frame_458,101
R1-900um-top-to-bottom-center_frame_194_patch_0.png,image_1714.jpg,1,0,0,0,1,R1-900um-top-to-bottom-center_frame_194,100
R1-1100um-top-to-bottom-center_frame_175_patch_8.png,image_1715.jpg,1,0,0,0,1,R1-1100um-top-to-bottom-center_frame_175,100
R1-800um-top-to-bottom-center_frame_513_patch_5.png,image_1716.jpg,1,0,0,0,1,R1-800um-top-to-bottom-center_frame_513,100
R1-1100um-top-to-bottom-center_frame_218_patch_8.png,image_1717.jpg,1,0,0,0,1,R1-1100um-top-to-bottom-center_frame_218,100
R1-900um-top-to-bottom-center_frame_557_patch_6.png,image_1719.jpg,1,0,0,0,1,R1-900um-top-to-bottom-center_frame_557,100
R1-600um-top-to-bottom-center_frame_594_patch_7.png,image_1722.jpg,1,0,0,0,1,R1-600um-top-to-bottom-center_frame_594,100
R1-700um-top-to-bottom-center_frame_312_patch_4.png,image_1724.jpg,1,0,0,0,1,R1-700um-top-to-bottom-center_frame_312,100
R7-700um-middle_frame_520_patch_2.png,image_1725.jpg,1,0,0,0,1,R7-700um-middle_frame_520,100
R1-600um-top-to-bottom-center_frame_199_patch_6.png,image_1728.jpg,0,0,1,0,1,R1-600um-top-to-bottom-center_frame_199,001
R7-700um-middle_frame_566_patch_0.png,image_1729.jpg,0,1,0,0,1,R7-700um-middle_frame_566,010
R1-700um-top-to-bottom-center_frame_329_patch_4.png,image_1730.jpg,1,0,1,0,2,R1-700um-top-to-bottom-center_frame_329,101
R1-700um-top-to-bottom-center_frame_485_patch_5.png,image_1732.jpg,1,0,0,0,1,R1-700um-top-to-bottom-center_frame_485,100
R1-1100um-top-to-bottom-center-1_frame_250_patch_1.png,image_1733.jpg,1,0,0,0,1,R1-1100um-top-to-bottom-center-1_frame_250,100
R1-1100um-top-to-bottom-center-1_frame_481_patch_1.png,image_1735.jpg,1,1,0,0,2,R1-1100um-top-to-bottom-center-1_frame_481,110
R1-600um-top-to-bottom-center_frame_387_patch_2.png,image_1736.jpg,1,0,0,0,1,R1-600um-top-to-bottom-center_frame_387,100
R1-600um-top-to-bottom-center_frame_52_patch_3.png,image_1738.jpg,0,0,1,0,1,R1-600um-top-to-bottom-center_frame_52,001
R1-900um-top-to-bottom-center_frame_418_patch_0.png,image_1740.jpg,1,0,0,0,1,R1-900um-top-to-bottom-center_frame_418,100
R1-1100um-top-to-bottom-center-1_frame_169_patch_3.png,image_1743.jpg,1,0,0,0,1,R1-1100um-top-to-bottom-center-1_frame_169,100
R1-900um-top-to-bottom-center_frame_564_patch_6.png,image_1745.jpg,1,0,0,0,1,R1-900um-top-to-bottom-center_frame_564,100
R1-1100um-top-to-bottom-center_frame_302_patch_7.png,image_1746.jpg,1,0,0,0,1,R1-1100um-top-to-bottom-center_frame_302,100
R1-700um-top-to-bottom-center_frame_587_patch_3.png,image_1747.jpg,1,0,0,0,1,R1-700um-top-to-bottom-center_frame_587,100
R7-700um-middle_frame_512_patch_1.png,image_1749.jpg,1,0,0,0,1,R7-700um-middle_frame_512,100
R1-700um-top-to-bottom-center_frame_364_patch_3.png,image_1750.jpg,1,0,0,0,1,R1-700um-top-to-bottom-center_frame_364,100
R1-900um-top-to-bottom-center_frame_263_patch_5.png,image_1751.jpg,1,0,0,0,1,R1-900um-top-to-bottom-center_frame_263,100
R1-900um-top-to-bottom-center_frame_288_patch_0.png,image_1752.jpg,1,0,0,0,1,R1-900um-top-to-bottom-center_frame_288,100
R1-1100um-top-to-bottom-center_frame_386_patch_4.png,image_1754.jpg,1,0,1,0,2,R1-1100um-top-to-bottom-center_frame_386,101
R1-800um-top-to-bottom-center_frame_526_patch_2.png,image_1755.jpg,1,0,0,0,1,R1-800um-top-to-bottom-center_frame_526,100
R1-1100um-top-to-bottom-center_frame_179_patch_7.png,image_1756.jpg,1,0,0,0,1,R1-1100um-top-to-bottom-center_frame_179,100
R1-900um-top-to-bottom-center_frame_194_patch_2.png,image_1757.jpg,1,0,1,0,2,R1-900um-top-to-bottom-center_frame_194,101
R1-700um-top-to-bottom-center_frame_312_patch_0.png,image_1758.jpg,1,0,0,0,1,R1-700um-top-to-bottom-center_frame_312,100
R7-700um-middle_frame_122_patch_3.png,image_1759.jpg,1,0,0,0,1,R7-700um-middle_frame_122,100
R1-800um-top-to-bottom-center_frame_513_patch_0.png,image_1763.jpg,1,0,0,0,1,R1-800um-top-to-bottom-center_frame_513,100
R1-1100um-top-to-bottom-center-1_frame_205_patch_2.png,image_1764.jpg,1,1,0,0,2,R1-1100um-top-to-bottom-center-1_frame_205,110
R1-800um-top-to-bottom-center_frame_413_patch_4.png,image_1765.jpg,1,0,0,0,1,R1-800um-top-to-bottom-center_frame_413,100
R7-700um-middle_frame_212_patch_5.png,image_1766.jpg,1,0,0,0,1,R7-700um-middle_frame_212,100
R1-1100um-top-to-bottom-center_frame_262_patch_7.png,image_1769.jpg,1,0,1,0,2,R1-1100um-top-to-bottom-center_frame_262,101
R1-1100um-top-to-bottom-center_frame_223_patch_8.png,image_1770.jpg,1,0,0,0,1,R1-1100um-top-to-bottom-center_frame_223,100
R1-1000um-top-to-bottom-center_frame_338_patch_3.png,image_1772.jpg,1,0,0,0,1,R1-1000um-top-to-bottom-center_frame_338,100
R1-800um-top-to-bottom-center_frame_412_patch_1.png,image_1773.jpg,1,0,1,0,2,R1-800um-top-to-bottom-center_frame_412,101
R1-1100um-top-to-bottom-center_frame_144_patch_6.png,image_1775.jpg,1,0,0,0,1,R1-1100um-top-to-bottom-center_frame_144,100
R1-1000um-top-to-bottom-center_frame_134_patch_2.png,image_1777.jpg,1,0,0,0,1,R1-1000um-top-to-bottom-center_frame_134,100
R1-600um-top-to-bottom-center_frame_408_patch_0.png,image_1778.jpg,1,0,0,0,1,R1-600um-top-to-bottom-center_frame_408,100
R1-700um-top-to-bottom-center_frame_648_patch_4.png,image_1779.jpg,1,0,0,0,1,R1-700um-top-to-bottom-center_frame_648,100
R1-700um-top-to-bottom-center_frame_312_patch_3.png,image_1780.jpg,1,0,0,0,1,R1-700um-top-to-bottom-center_frame_312,100
R1-1100um-top-to-bottom-center-1_frame_205_patch_6.png,image_1781.jpg,1,0,0,0,1,R1-1100um-top-to-bottom-center-1_frame_205,100
R1-600um-top-to-bottom-center_frame_594_patch_1.png,image_1784.jpg,1,0,0,0,1,R1-600um-top-to-bottom-center_frame_594,100
R1-1100um-top-to-bottom-center_frame_128_patch_1.png,image_1785.jpg,1,0,0,0,1,R1-1100um-top-to-bottom-center_frame_128,100
R1-1100um-top-to-bottom-center_frame_245_patch_5.png,image_1787.jpg,1,0,0,0,1,R1-1100um-top-to-bottom-center_frame_245,100
R1-1100um-top-to-bottom-center_frame_220_patch_5.png,image_1788.jpg,1,0,0,0,1,R1-1100um-top-to-bottom-center_frame_220,100
R1-800um-top-to-bottom-center_frame_638_patch_1.png,image_1789.jpg,1,0,0,0,1,R1-800um-top-to-bottom-center_frame_638,100
R1-600um-top-to-bottom-center_frame_63_patch_2.png,image_1790.jpg,0,0,1,0,1,R1-600um-top-to-bottom-center_frame_63,001
R7-700um-middle_frame_221_patch_1.png,image_1792.jpg,1,0,0,0,1,R7-700um-middle_frame_221,100
R1-700um-top-to-bottom-center_frame_426_patch_2.png,image_1793.jpg,1,0,0,0,1,R1-700um-top-to-bottom-center_frame_426,100
R1-700um-top-to-bottom-center_frame_347_patch_5.png,image_1795.jpg,1,0,0,0,1,R1-700um-top-to-bottom-center_frame_347,100
R1-1100um-top-to-bottom-center_frame_144_patch_0.png,image_1796.jpg,1,0,0,0,1,R1-1100um-top-to-bottom-center_frame_144,100
R1-1000um-top-to-bottom-center_frame_585_patch_0.png,image_1798.jpg,1,0,0,0,1,R1-1000um-top-to-bottom-center_frame_585,100
R1-1100um-top-to-bottom-center_frame_356_patch_1.png,image_1800.jpg,1,0,0,0,1,R1-1100um-top-to-bottom-center_frame_356,100
R1-1100um-top-to-bottom-center_frame_83_patch_7.png,image_1801.jpg,1,0,0,0,1,R1-1100um-top-to-bottom-center_frame_83,100
R1-1100um-top-to-bottom-center_frame_175_patch_5.png,image_1802.jpg,1,0,0,0,1,R1-1100um-top-to-bottom-center_frame_175,100
R1-1100um-top-to-bottom-center_frame_277_patch_3.png,image_1804.jpg,1,0,0,0,1,R1-1100um-top-to-bottom-center_frame_277,100
R1-700um-top-to-bottom-center_frame_263_patch_1.png,image_1805.jpg,1,0,0,0,1,R1-700um-top-to-bottom-center_frame_263,100
R1-1100um-top-to-bottom-center-1_frame_488_patch_2.png,image_1806.jpg,1,1,0,0,2,R1-1100um-top-to-bottom-center-1_frame_488,110
R1-800um-top-to-bottom-center_frame_651_patch_3.png,image_1807.jpg,1,0,1,0,2,R1-800um-top-to-bottom-center_frame_651,101
R1-1100um-top-to-bottom-center_frame_361_patch_5.png,image_1808.jpg,1,0,0,0,1,R1-1100um-top-to-bottom-center_frame_361,100
R1-1100um-top-to-bottom-center_frame_52_patch_1.png,image_1810.jpg,1,0,0,0,1,R1-1100um-top-to-bottom-center_frame_52,100
R1-800um-top-to-bottom-center_frame_358_patch_8.png,image_1812.jpg,1,0,0,0,1,R1-800um-top-to-bottom-center_frame_358,100
R1-700um-top-to-bottom-center_frame_587_patch_1.png,image_1813.jpg,1,0,0,0,1,R1-700um-top-to-bottom-center_frame_587,100
R1-900um-top-to-bottom-center_frame_290_patch_2.png,image_1817.jpg,1,0,0,0,1,R1-900um-top-to-bottom-center_frame_290,100
R1-800um-top-to-bottom-center_frame_623_patch_1.png,image_1818.jpg,1,1,1,0,3,R1-800um-top-to-bottom-center_frame_623,111
R1-900um-top-to-bottom-center_frame_564_patch_1.png,image_1819.jpg,1,0,0,0,1,R1-900um-top-to-bottom-center_frame_564,100
R1-1100um-top-to-bottom-center-1_frame_169_patch_5.png,image_1821.jpg,1,0,1,0,2,R1-1100um-top-to-bottom-center-1_frame_169,101
R1-800um-top-to-bottom-center_frame_63_patch_3.png,image_1823.jpg,0,0,1,0,1,R1-800um-top-to-bottom-center_frame_63,001
R1-1100um-top-to-bottom-center_frame_281_patch_2.png,image_1824.jpg,1,0,1,0,2,R1-1100um-top-to-bottom-center_frame_281,101
R7-700um-middle_frame_212_patch_7.png,image_1825.jpg,1,0,0,0,1,R7-700um-middle_frame_212,100
R1-1100um-top-to-bottom-center_frame_370_patch_4.png,image_1826.jpg,1,0,1,0,2,R1-1100um-top-to-bottom-center_frame_370,101
R1-900um-top-to-bottom-center_frame_263_patch_0.png,image_1828.jpg,1,0,1,0,2,R1-900um-top-to-bottom-center_frame_263,101
R1-900um-top-to-bottom-center_frame_288_patch_7.png,image_1829.jpg,1,0,0,0,1,R1-900um-top-to-bottom-center_frame_288,100
R1-1000um-top-to-bottom-center_frame_585_patch_8.png,image_1830.jpg,1,0,0,0,1,R1-1000um-top-to-bottom-center_frame_585,100
R7-700um-middle_frame_251_patch_8.png,image_1832.jpg,0,0,1,0,1,R7-700um-middle_frame_251,001
R7-700um-middle_frame_553_patch_1.png,image_1834.jpg,0,1,0,0,1,R7-700um-middle_frame_553,010
R1-800um-top-to-bottom-center_frame_492_patch_8.png,image_1835.jpg,1,0,0,0,1,R1-800um-top-to-bottom-center_frame_492,100
R1-700um-top-to-bottom-center_frame_347_patch_1.png,image_1836.jpg,1,0,0,0,1,R1-700um-top-to-bottom-center_frame_347,100
R1-900um-top-to-bottom-center_frame_512_patch_6.png,image_1837.jpg,1,0,0,0,1,R1-900um-top-to-bottom-center_frame_512,100
R1-900um-top-to-bottom-center_frame_166_patch_7.png,image_1839.jpg,1,0,1,0,2,R1-900um-top-to-bottom-center_frame_166,101
R1-800um-top-to-bottom-center_frame_638_patch_6.png,image_1841.jpg,1,1,0,0,2,R1-800um-top-to-bottom-center_frame_638,110
R1-600um-top-to-bottom-center_frame_412_patch_2.png,image_1842.jpg,1,0,0,0,1,R1-600um-top-to-bottom-center_frame_412,100
R1-1100um-top-to-bottom-center-1_frame_267_patch_3.png,image_1844.jpg,1,0,0,0,1,R1-1100um-top-to-bottom-center-1_frame_267,100
R1-1100um-top-to-bottom-center_frame_253_patch_5.png,image_1845.jpg,1,0,0,0,1,R1-1100um-top-to-bottom-center_frame_253,100
R1-800um-top-to-bottom-center_frame_526_patch_0.png,image_1846.jpg,1,0,0,0,1,R1-800um-top-to-bottom-center_frame_526,100
R1-800um-top-to-bottom-center_frame_117_patch_6.png,image_1847.jpg,0,0,1,0,1,R1-800um-top-to-bottom-center_frame_117,001
R1-1100um-top-to-bottom-center_frame_281_patch_0.png,image_1848.jpg,1,0,0,0,1,R1-1100um-top-to-bottom-center_frame_281,100
R1-700um-top-to-bottom-center_frame_673_patch_4.png,image_1849.jpg,1,0,1,0,2,R1-700um-top-to-bottom-center_frame_673,101
R1-600um-top-to-bottom-center_frame_58_patch_6.png,image_1850.jpg,0,0,1,0,1,R1-600um-top-to-bottom-center_frame_58,001
R1-900um-top-to-bottom-center_frame_221_patch_7.png,image_1852.jpg,1,0,0,0,1,R1-900um-top-to-bottom-center_frame_221,100
R1-1100um-top-to-bottom-center_frame_220_patch_6.png,image_1853.jpg,1,0,0,0,1,R1-1100um-top-to-bottom-center_frame_220,100
R1-900um-top-to-bottom-center_frame_565_patch_4.png,image_1854.jpg,1,0,1,0,2,R1-900um-top-to-bottom-center_frame_565,101
R1-900um-top-to-bottom-center_frame_557_patch_3.png,image_1855.jpg,1,0,0,0,1,R1-900um-top-to-bottom-center_frame_557,100
R1-1100um-top-to-bottom-center-1_frame_397_patch_4.png,image_1856.jpg,1,0,0,0,1,R1-1100um-top-to-bottom-center-1_frame_397,100
R1-600um-top-to-bottom-center_frame_87_patch_8.png,image_1857.jpg,0,0,1,0,1,R1-600um-top-to-bottom-center_frame_87,001
R1-1100um-top-to-bottom-center-1_frame_250_patch_4.png,image_1858.jpg,1,0,0,0,1,R1-1100um-top-to-bottom-center-1_frame_250,100
R1-1100um-top-to-bottom-center-1_frame_225_patch_0.png,image_1859.jpg,1,0,0,0,1,R1-1100um-top-to-bottom-center-1_frame_225,100
R1-1100um-top-to-bottom-center_frame_342_patch_4.png,image_1860.jpg,1,0,0,0,1,R1-1100um-top-to-bottom-center_frame_342,100
R1-600um-top-to-bottom-center_frame_271_patch_5.png,image_1861.jpg,0,0,1,0,1,R1-600um-top-to-bottom-center_frame_271,001
R1-1100um-top-to-bottom-center-1_frame_502_patch_0.png,image_1862.jpg,1,1,0,0,2,R1-1100um-top-to-bottom-center-1_frame_502,110
R1-900um-top-to-bottom-center_frame_557_patch_7.png,image_1863.jpg,1,0,0,0,1,R1-900um-top-to-bottom-center_frame_557,100
R1-900um-top-to-bottom-center_frame_275_patch_6.png,image_1864.jpg,1,0,0,0,1,R1-900um-top-to-bottom-center_frame_275,100
R1-700um-top-to-bottom-center_frame_387_patch_1.png,image_1865.jpg,1,0,0,0,1,R1-700um-top-to-bottom-center_frame_387,100
R1-700um-top-to-bottom-center_frame_242_patch_4.png,image_1867.jpg,0,0,1,0,1,R1-700um-top-to-bottom-center_frame_242,001
R1-1000um-top-to-bottom-center_frame_384_patch_2.png,image_1868.jpg,1,0,0,0,1,R1-1000um-top-to-bottom-center_frame_384,100
R1-900um-top-to-bottom-center_frame_557_patch_1.png,image_1869.jpg,1,0,0,0,1,R1-900um-top-to-bottom-center_frame_557,100
R1-700um-top-to-bottom-center_frame_329_patch_5.png,image_1870.jpg,1,0,1,0,2,R1-700um-top-to-bottom-center_frame_329,101
R1-1100um-top-to-bottom-center_frame_193_patch_4.png,image_1871.jpg,1,0,1,0,2,R1-1100um-top-to-bottom-center_frame_193,101
R1-900um-top-to-bottom-center_frame_376_patch_2.png,image_1872.jpg,1,0,0,0,1,R1-900um-top-to-bottom-center_frame_376,100
R1-600um-top-to-bottom-center_frame_314_patch_8.png,image_1874.jpg,0,0,1,0,1,R1-600um-top-to-bottom-center_frame_314,001
R1-700um-top-to-bottom-center_frame_321_patch_2.png,image_1875.jpg,1,0,1,0,2,R1-700um-top-to-bottom-center_frame_321,101
R1-1100um-top-to-bottom-center-1_frame_397_patch_2.png,image_1876.jpg,1,1,1,0,3,R1-1100um-top-to-bottom-center-1_frame_397,111
R1-1100um-top-to-bottom-center-1_frame_342_patch_2.png,image_1878.jpg,1,0,1,0,2,R1-1100um-top-to-bottom-center-1_frame_342,101
R1-900um-top-to-bottom-center_frame_303_patch_0.png,image_1879.jpg,1,0,1,0,2,R1-900um-top-to-bottom-center_frame_303,101
R1-800um-top-to-bottom-center_frame_641_patch_4.png,image_1880.jpg,1,0,0,0,1,R1-800um-top-to-bottom-center_frame_641,100
R7-700um-middle_frame_221_patch_2.png,image_1881.jpg,1,0,1,0,2,R7-700um-middle_frame_221,101
R1-700um-top-to-bottom-center_frame_41_patch_5.png,image_1882.jpg,0,0,1,0,1,R1-700um-top-to-bottom-center_frame_41,001
R1-600um-top-to-bottom-center_frame_591_patch_1.png,image_1883.jpg,1,0,1,0,2,R1-600um-top-to-bottom-center_frame_591,101
R1-1100um-top-to-bottom-center-1_frame_387_patch_2.png,image_1885.jpg,1,1,0,0,2,R1-1100um-top-to-bottom-center-1_frame_387,110
R1-800um-top-to-bottom-center_frame_608_patch_0.png,image_1886.jpg,1,1,0,0,2,R1-800um-top-to-bottom-center_frame_608,110
R1-1100um-top-to-bottom-center_frame_193_patch_8.png,image_1889.jpg,1,0,0,0,1,R1-1100um-top-to-bottom-center_frame_193,100
R1-1100um-top-to-bottom-center_frame_384_patch_1.png,image_1890.jpg,1,0,0,0,1,R1-1100um-top-to-bottom-center_frame_384,100
R1-700um-top-to-bottom-center_frame_289_patch_3.png,image_1892.jpg,1,0,0,0,1,R1-700um-top-to-bottom-center_frame_289,100
R1-1100um-top-to-bottom-center-1_frame_161_patch_3.png,image_1893.jpg,1,0,0,0,1,R1-1100um-top-to-bottom-center-1_frame_161,100
R1-900um-top-to-bottom-center_frame_179_patch_7.png,image_1894.jpg,1,0,0,0,1,R1-900um-top-to-bottom-center_frame_179,100
R1-1000um-top-to-bottom-center_frame_585_patch_1.png,image_1896.jpg,1,0,1,0,2,R1-1000um-top-to-bottom-center_frame_585,101
R1-600um-top-to-bottom-center_frame_459_patch_2.png,image_1897.jpg,1,0,1,0,2,R1-600um-top-to-bottom-center_frame_459,101
R1-1100um-top-to-bottom-center-1_frame_488_patch_3.png,image_1898.jpg,1,1,0,0,2,R1-1100um-top-to-bottom-center-1_frame_488,110
R1-700um-top-to-bottom-center_frame_597_patch_4.png,image_1900.jpg,1,0,0,0,1,R1-700um-top-to-bottom-center_frame_597,100
R1-1100um-top-to-bottom-center_frame_183_patch_1.png,image_1901.jpg,1,0,1,0,2,R1-1100um-top-to-bottom-center_frame_183,101
R1-600um-top-to-bottom-center_frame_387_patch_1.png,image_1903.jpg,1,0,1,0,2,R1-600um-top-to-bottom-center_frame_387,101
R1-600um-top-to-bottom-center_frame_61_patch_2.png,image_1904.jpg,0,0,1,0,1,R1-600um-top-to-bottom-center_frame_61,001
R1-700um-top-to-bottom-center_frame_312_patch_6.png,image_1906.jpg,1,0,0,0,1,R1-700um-top-to-bottom-center_frame_312,100
R1-900um-top-to-bottom-center_frame_290_patch_6.png,image_1908.jpg,1,0,0,0,1,R1-900um-top-to-bottom-center_frame_290,100
R1-600um-top-to-bottom-center_frame_408_patch_5.png,image_1910.jpg,1,0,0,0,1,R1-600um-top-to-bottom-center_frame_408,100
R1-1100um-top-to-bottom-center_frame_161_patch_8.png,image_1911.jpg,1,0,0,0,1,R1-1100um-top-to-bottom-center_frame_161,100
R1-1100um-top-to-bottom-center-1_frame_267_patch_4.png,image_1912.jpg,1,0,0,0,1,R1-1100um-top-to-bottom-center-1_frame_267,100
R1-1100um-top-to-bottom-center_frame_262_patch_3.png,image_1913.jpg,1,0,0,0,1,R1-1100um-top-to-bottom-center_frame_262,100
R1-1000um-top-to-bottom-center_frame_122_patch_2.png,image_1914.jpg,1,0,1,0,2,R1-1000um-top-to-bottom-center_frame_122,101
R1-1100um-top-to-bottom-center-1_frame_241_patch_2.png,image_1916.jpg,1,0,0,0,1,R1-1100um-top-to-bottom-center-1_frame_241,100
R1-800um-top-to-bottom-center_frame_255_patch_7.png,image_1917.jpg,0,0,1,0,1,R1-800um-top-to-bottom-center_frame_255,001
R1-1000um-top-to-bottom-center_frame_458_patch_5.png,image_1918.jpg,1,0,0,0,1,R1-1000um-top-to-bottom-center_frame_458,100
R1-1100um-top-to-bottom-center-1_frame_402_patch_7.png,image_1920.jpg,1,1,0,0,2,R1-1100um-top-to-bottom-center-1_frame_402,110
R1-800um-top-to-bottom-center_frame_412_patch_4.png,image_1921.jpg,1,0,0,0,1,R1-800um-top-to-bottom-center_frame_412,100
R1-1100um-top-to-bottom-center_frame_386_patch_3.png,image_1922.jpg,1,0,0,0,1,R1-1100um-top-to-bottom-center_frame_386,100
R1-700um-top-to-bottom-center_frame_673_patch_3.png,image_1923.jpg,1,0,1,0,2,R1-700um-top-to-bottom-center_frame_673,101
R1-800um-top-to-bottom-center_frame_631_patch_8.png,image_1924.jpg,1,1,1,0,3,R1-800um-top-to-bottom-center_frame_631,111
R1-1000um-top-to-bottom-center_frame_551_patch_0.png,image_1925.jpg,1,0,0,0,1,R1-1000um-top-to-bottom-center_frame_551,100
R7-700um-middle_frame_100_patch_4.png,image_1926.jpg,1,1,1,0,3,R7-700um-middle_frame_100,111
R1-800um-top-to-bottom-center_frame_412_patch_8.png,image_1928.jpg,1,0,0,0,1,R1-800um-top-to-bottom-center_frame_412,100
R1-1000um-top-to-bottom-center_frame_156_patch_8.png,image_1929.jpg,1,0,0,0,1,R1-1000um-top-to-bottom-center_frame_156,100
R1-800um-top-to-bottom-center_frame_631_patch_5.png,image_1931.jpg,1,1,1,0,3,R1-800um-top-to-bottom-center_frame_631,111
R1-1100um-top-to-bottom-center-1_frame_447_patch_5.png,image_1932.jpg,1,1,0,0,2,R1-1100um-top-to-bottom-center-1_frame_447,110
R1-1100um-top-to-bottom-center_frame_384_patch_7.png,image_1933.jpg,1,0,0,0,1,R1-1100um-top-to-bottom-center_frame_384,100
R1-900um-top-to-bottom-center_frame_557_patch_2.png,image_1934.jpg,1,0,0,0,1,R1-900um-top-to-bottom-center_frame_557,100
R1-1100um-top-to-bottom-center_frame_287_patch_5.png,image_1935.jpg,1,0,1,0,2,R1-1100um-top-to-bottom-center_frame_287,101
R1-900um-top-to-bottom-center_frame_263_patch_1.png,image_1936.jpg,1,0,0,0,1,R1-900um-top-to-bottom-center_frame_263,100
R1-600um-top-to-bottom-center_frame_356_patch_4.png,image_1939.jpg,1,0,0,0,1,R1-600um-top-to-bottom-center_frame_356,100
R1-600um-top-to-bottom-center_frame_79_patch_1.png,image_1940.jpg,0,0,1,0,1,R1-600um-top-to-bottom-center_frame_79,001
R1-1000um-top-to-bottom-center_frame_222_patch_1.png,image_1941.jpg,1,0,0,0,1,R1-1000um-top-to-bottom-center_frame_222,100
R1-700um-top-to-bottom-center_frame_556_patch_5.png,image_1942.jpg,1,0,0,0,1,R1-700um-top-to-bottom-center_frame_556,100
R1-700um-top-to-bottom-center_frame_505_patch_7.png,image_1943.jpg,1,0,0,0,1,R1-700um-top-to-bottom-center_frame_505,100
R7-700um-middle_frame_97_patch_3.png,image_1944.jpg,1,1,0,0,2,R7-700um-middle_frame_97,110
R7-700um-middle_frame_208_patch_6.png,image_1946.jpg,1,0,0,0,1,R7-700um-middle_frame_208,100
R1-600um-top-to-bottom-center_frame_311_patch_3.png,image_1947.jpg,0,0,1,0,1,R1-600um-top-to-bottom-center_frame_311,001
R1-1100um-top-to-bottom-center-1_frame_468_patch_3.png,image_1948.jpg,1,1,0,0,2,R1-1100um-top-to-bottom-center-1_frame_468,110
R1-1100um-top-to-bottom-center_frame_124_patch_1.png,image_1949.jpg,1,0,0,0,1,R1-1100um-top-to-bottom-center_frame_124,100
R1-600um-top-to-bottom-center_frame_0_patch_5.png,image_1950.jpg,0,0,1,0,1,R1-600um-top-to-bottom-center_frame_0,001
R1-900um-top-to-bottom-center_frame_604_patch_7.png,image_1951.jpg,1,0,0,0,1,R1-900um-top-to-bottom-center_frame_604,100
R7-700um-middle_frame_212_patch_1.png,image_1953.jpg,1,0,0,0,1,R7-700um-middle_frame_212,100
R1-800um-top-to-bottom-center_frame_358_patch_6.png,image_1955.jpg,1,0,0,0,1,R1-800um-top-to-bottom-center_frame_358,100
R1-1100um-top-to-bottom-center-1_frame_502_patch_4.png,image_1957.jpg,1,1,0,0,2,R1-1100um-top-to-bottom-center-1_frame_502,110
R1-1100um-top-to-bottom-center_frame_52_patch_0.png,image_1958.jpg,1,0,0,0,1,R1-1100um-top-to-bottom-center_frame_52,100
R7-700um-middle_frame_253_patch_8.png,image_1959.jpg,0,0,1,0,1,R7-700um-middle_frame_253,001
R1-1000um-top-to-bottom-center_frame_170_patch_1.png,image_1960.jpg,1,0,0,0,1,R1-1000um-top-to-bottom-center_frame_170,100
R1-800um-top-to-bottom-center_frame_108_patch_6.png,image_1961.jpg,0,0,1,0,1,R1-800um-top-to-bottom-center_frame_108,001
R1-900um-top-to-bottom-center_frame_194_patch_8.png,image_1962.jpg,1,0,0,0,1,R1-900um-top-to-bottom-center_frame_194,100
R1-1100um-top-to-bottom-center_frame_191_patch_4.png,image_1963.jpg,1,0,1,0,2,R1-1100um-top-to-bottom-center_frame_191,101
R7-700um-middle_frame_97_patch_4.png,image_1964.jpg,1,1,1,0,3,R7-700um-middle_frame_97,111
R1-1100um-top-to-bottom-center-1_frame_220_patch_5.png,image_1965.jpg,1,0,0,0,1,R1-1100um-top-to-bottom-center-1_frame_220,100
R1-1100um-top-to-bottom-center_frame_144_patch_1.png,image_1967.jpg,1,0,0,0,1,R1-1100um-top-to-bottom-center_frame_144,100
R1-1000um-top-to-bottom-center_frame_551_patch_5.png,image_1969.jpg,1,1,0,0,2,R1-1000um-top-to-bottom-center_frame_551,110
R1-1100um-top-to-bottom-center_frame_128_patch_2.png,image_1971.jpg,1,0,0,0,1,R1-1100um-top-to-bottom-center_frame_128,100
R1-1100um-top-to-bottom-center_frame_179_patch_5.png,image_1973.jpg,1,0,0,0,1,R1-1100um-top-to-bottom-center_frame_179,100
R1-1100um-top-to-bottom-center_frame_43_patch_0.png,image_1974.jpg,1,0,0,0,1,R1-1100um-top-to-bottom-center_frame_43,100
R7-700um-middle_frame_122_patch_0.png,image_1976.jpg,1,0,0,0,1,R7-700um-middle_frame_122,100
R1-1000um-top-to-bottom-center_frame_585_patch_3.png,image_1978.jpg,1,0,0,0,1,R1-1000um-top-to-bottom-center_frame_585,100
R1-800um-top-to-bottom-center_frame_492_patch_0.png,image_1979.jpg,1,0,0,0,1,R1-800um-top-to-bottom-center_frame_492,100
R1-1000um-top-to-bottom-center_frame_551_patch_8.png,image_1980.jpg,1,0,0,0,1,R1-1000um-top-to-bottom-center_frame_551,100
R1-700um-top-to-bottom-center_frame_321_patch_5.png,image_1984.jpg,1,0,0,0,1,R1-700um-top-to-bottom-center_frame_321,100
R1-600um-top-to-bottom-center_frame_418_patch_4.png,image_1985.jpg,1,0,0,0,1,R1-600um-top-to-bottom-center_frame_418,100
R1-700um-top-to-bottom-center_frame_673_patch_8.png,image_1986.jpg,1,0,0,0,1,R1-700um-top-to-bottom-center_frame_673,100
R1-700um-top-to-bottom-center_frame_505_patch_3.png,image_1987.jpg,1,0,0,0,1,R1-700um-top-to-bottom-center_frame_505,100
R1-1100um-top-to-bottom-center_frame_128_patch_7.png,image_1988.jpg,1,0,0,0,1,R1-1100um-top-to-bottom-center_frame_128,100
R1-900um-top-to-bottom-center_frame_332_patch_7.png,image_1993.jpg,1,0,0,0,1,R1-900um-top-to-bottom-center_frame_332,100
R1-1100um-top-to-bottom-center_frame_361_patch_3.png,image_1994.jpg,1,0,1,0,2,R1-1100um-top-to-bottom-center_frame_361,101
R1-1000um-top-to-bottom-center_frame_170_patch_8.png,image_1997.jpg,1,0,0,0,1,R1-1000um-top-to-bottom-center_frame_170,100
R1-1100um-top-to-bottom-center_frame_262_patch_8.png,image_1998.jpg,1,0,0,0,1,R1-1100um-top-to-bottom-center_frame_262,100
R1-700um-top-to-bottom-center_frame_289_patch_6.png,image_2000.jpg,1,0,0,0,1,R1-700um-top-to-bottom-center_frame_289,100
R1-700um-top-to-bottom-center_frame_387_patch_2.png,image_2001.jpg,1,0,0,0,1,R1-700um-top-to-bottom-center_frame_387,100
R1-700um-top-to-bottom-center_frame_587_patch_7.png,image_2002.jpg,1,0,0,0,1,R1-700um-top-to-bottom-center_frame_587,100
R1-700um-top-to-bottom-center_frame_387_patch_7.png,image_2003.jpg,1,0,0,0,1,R1-700um-top-to-bottom-center_frame_387,100
R1-900um-top-to-bottom-center_frame_604_patch_6.png,image_2004.jpg,1,0,1,0,2,R1-900um-top-to-bottom-center_frame_604,101
R1-900um-top-to-bottom-center_frame_493_patch_3.png,image_2005.jpg,1,0,0,0,1,R1-900um-top-to-bottom-center_frame_493,100
R1-600um-top-to-bottom-center_frame_376_patch_0.png,image_2006.jpg,1,0,0,0,1,R1-600um-top-to-bottom-center_frame_376,100
R1-700um-top-to-bottom-center_frame_334_patch_2.png,image_2007.jpg,1,0,1,0,2,R1-700um-top-to-bottom-center_frame_334,101
R1-1000um-top-to-bottom-center_frame_287_patch_3.png,image_2011.jpg,1,0,0,0,1,R1-1000um-top-to-bottom-center_frame_287,100
R1-700um-top-to-bottom-center_frame_648_patch_3.png,image_2013.jpg,1,0,0,0,1,R1-700um-top-to-bottom-center_frame_648,100
R1-1100um-top-to-bottom-center-1_frame_387_patch_0.png,image_2016.jpg,1,0,0,0,1,R1-1100um-top-to-bottom-center-1_frame_387,100
R1-900um-top-to-bottom-center_frame_275_patch_4.png,image_2017.jpg,1,0,0,0,1,R1-900um-top-to-bottom-center_frame_275,100
R1-1000um-top-to-bottom-center_frame_551_patch_6.png,image_2018.jpg,1,1,1,0,3,R1-1000um-top-to-bottom-center_frame_551,111
R1-1000um-top-to-bottom-center_frame_134_patch_8.png,image_2021.jpg,1,0,0,0,1,R1-1000um-top-to-bottom-center_frame_134,100
R7-700um-middle_frame_558_patch_1.png,image_2023.jpg,0,1,0,0,1,R7-700um-middle_frame_558,010
R1-900um-top-to-bottom-center_frame_290_patch_3.png,image_2024.jpg,1,0,0,0,1,R1-900um-top-to-bottom-center_frame_290,100
R1-1100um-top-to-bottom-center_frame_281_patch_4.png,image_2025.jpg,1,0,0,0,1,R1-1100um-top-to-bottom-center_frame_281,100
R1-900um-top-to-bottom-center_frame_347_patch_6.png,image_2026.jpg,1,0,0,0,1,R1-900um-top-to-bottom-center_frame_347,100
R1-600um-top-to-bottom-center_frame_586_patch_0.png,image_2027.jpg,1,0,0,0,1,R1-600um-top-to-bottom-center_frame_586,100
R1-1100um-top-to-bottom-center-1_frame_220_patch_3.png,image_2028.jpg,1,0,0,0,1,R1-1100um-top-to-bottom-center-1_frame_220,100
R1-1100um-top-to-bottom-center-1_frame_502_patch_2.png,image_2029.jpg,1,1,1,0,3,R1-1100um-top-to-bottom-center-1_frame_502,111
R1-600um-top-to-bottom-center_frame_457_patch_0.png,image_2030.jpg,1,0,0,0,1,R1-600um-top-to-bottom-center_frame_457,100
R1-900um-top-to-bottom-center_frame_316_patch_7.png,image_2031.jpg,1,0,0,0,1,R1-900um-top-to-bottom-center_frame_316,100
R1-1000um-top-to-bottom-center_frame_585_patch_7.png,image_2032.jpg,1,0,0,0,1,R1-1000um-top-to-bottom-center_frame_585,100
R1-900um-top-to-bottom-center_frame_288_patch_3.png,image_2033.jpg,1,0,0,0,1,R1-900um-top-to-bottom-center_frame_288,100
R1-600um-top-to-bottom-center_frame_486_patch_6.png,image_2034.jpg,1,0,0,0,1,R1-600um-top-to-bottom-center_frame_486,100
R1-1100um-top-to-bottom-center-1_frame_481_patch_4.png,image_2035.jpg,1,1,0,0,2,R1-1100um-top-to-bottom-center-1_frame_481,110
R1-1100um-top-to-bottom-center_frame_161_patch_6.png,image_2036.jpg,1,0,0,0,1,R1-1100um-top-to-bottom-center_frame_161,100
R1-1000um-top-to-bottom-center_frame_434_patch_3.png,image_2037.jpg,1,0,0,0,1,R1-1000um-top-to-bottom-center_frame_434,100
R1-1100um-top-to-bottom-center-1_frame_470_patch_7.png,image_2038.jpg,1,0,0,0,1,R1-1100um-top-to-bottom-center-1_frame_470,100
R1-1100um-top-to-bottom-center_frame_277_patch_4.png,image_2039.jpg,1,0,0,0,1,R1-1100um-top-to-bottom-center_frame_277,100
R1-1100um-top-to-bottom-center_frame_232_patch_0.png,image_2041.jpg,1,0,0,0,1,R1-1100um-top-to-bottom-center_frame_232,100
R1-800um-top-to-bottom-center_frame_318_patch_5.png,image_2043.jpg,1,0,0,0,1,R1-800um-top-to-bottom-center_frame_318,100
R1-1100um-top-to-bottom-center_frame_370_patch_2.png,image_2044.jpg,1,0,0,0,1,R1-1100um-top-to-bottom-center_frame_370,100
R7-700um-middle_frame_500_patch_1.png,image_2046.jpg,1,0,0,0,1,R7-700um-middle_frame_500,100
R1-1100um-top-to-bottom-center_frame_327_patch_8.png,image_2047.jpg,1,0,1,0,2,R1-1100um-top-to-bottom-center_frame_327,101
R1-1000um-top-to-bottom-center_frame_222_patch_0.png,image_2048.jpg,1,0,0,0,1,R1-1000um-top-to-bottom-center_frame_222,100
R1-900um-top-to-bottom-center_frame_194_patch_4.png,image_2050.jpg,1,0,0,0,1,R1-900um-top-to-bottom-center_frame_194,100
R1-1100um-top-to-bottom-center_frame_177_patch_4.png,image_2051.jpg,1,0,0,0,1,R1-1100um-top-to-bottom-center_frame_177,100
R1-800um-top-to-bottom-center_frame_651_patch_4.png,image_2052.jpg,1,0,0,0,1,R1-800um-top-to-bottom-center_frame_651,100
R1-900um-top-to-bottom-center_frame_376_patch_0.png,image_2053.jpg,1,0,0,0,1,R1-900um-top-to-bottom-center_frame_376,100
R1-1100um-top-to-bottom-center_frame_370_patch_8.png,image_2056.jpg,1,0,0,0,1,R1-1100um-top-to-bottom-center_frame_370,100
R1-1100um-top-to-bottom-center-1_frame_241_patch_0.png,image_2057.jpg,1,0,0,0,1,R1-1100um-top-to-bottom-center-1_frame_241,100
R1-1100um-top-to-bottom-center_frame_124_patch_2.png,image_2059.jpg,1,0,0,0,1,R1-1100um-top-to-bottom-center_frame_124,100
R1-900um-top-to-bottom-center_frame_303_patch_4.png,image_2060.jpg,1,0,0,0,1,R1-900um-top-to-bottom-center_frame_303,100
R1-900um-top-to-bottom-center_frame_10_patch_7.png,image_2061.jpg,0,0,1,0,1,R1-900um-top-to-bottom-center_frame_10,001
R1-1100um-top-to-bottom-center_frame_287_patch_4.png,image_2062.jpg,1,0,0,0,1,R1-1100um-top-to-bottom-center_frame_287,100
R1-1100um-top-to-bottom-center-1_frame_402_patch_4.png,image_2065.jpg,1,0,0,0,1,R1-1100um-top-to-bottom-center-1_frame_402,100
R1-600um-top-to-bottom-center_frame_407_patch_6.png,image_2067.jpg,1,0,1,0,2,R1-600um-top-to-bottom-center_frame_407,101
R1-1000um-top-to-bottom-center_frame_209_patch_8.png,image_2068.jpg,1,0,0,0,1,R1-1000um-top-to-bottom-center_frame_209,100
R1-1000um-top-to-bottom-center_frame_222_patch_3.png,image_2069.jpg,1,0,0,0,1,R1-1000um-top-to-bottom-center_frame_222,100
R1-600um-top-to-bottom-center_frame_387_patch_7.png,image_2071.jpg,1,0,0,0,1,R1-600um-top-to-bottom-center_frame_387,100
R7-700um-middle_frame_97_patch_5.png,image_2072.jpg,1,0,0,0,1,R7-700um-middle_frame_97,100
R1-1000um-top-to-bottom-center_frame_338_patch_1.png,image_2074.jpg,1,0,0,0,1,R1-1000um-top-to-bottom-center_frame_338,100
R1-600um-top-to-bottom-center_frame_459_patch_3.png,image_2075.jpg,1,0,0,0,1,R1-600um-top-to-bottom-center_frame_459,100
R1-1000um-top-to-bottom-center_frame_134_patch_6.png,image_2077.jpg,1,0,0,0,1,R1-1000um-top-to-bottom-center_frame_134,100
R1-1100um-top-to-bottom-center-1_frame_235_patch_0.png,image_2078.jpg,1,0,0,0,1,R1-1100um-top-to-bottom-center-1_frame_235,100
R1-1000um-top-to-bottom-center_frame_384_patch_7.png,image_2079.jpg,1,0,0,0,1,R1-1000um-top-to-bottom-center_frame_384,100
R1-1100um-top-to-bottom-center_frame_85_patch_4.png,image_2080.jpg,1,0,0,0,1,R1-1100um-top-to-bottom-center_frame_85,100
R1-700um-top-to-bottom-center_frame_347_patch_4.png,image_2081.jpg,1,0,1,0,2,R1-700um-top-to-bottom-center_frame_347,101
R1-900um-top-to-bottom-center_frame_362_patch_1.png,image_2083.jpg,1,0,0,0,1,R1-900um-top-to-bottom-center_frame_362,100
R1-1100um-top-to-bottom-center_frame_287_patch_0.png,image_2084.jpg,1,0,1,0,2,R1-1100um-top-to-bottom-center_frame_287,101
R1-600um-top-to-bottom-center_frame_525_patch_4.png,image_2085.jpg,1,0,0,0,1,R1-600um-top-to-bottom-center_frame_525,100
R1-1100um-top-to-bottom-center_frame_220_patch_4.png,image_2087.jpg,1,0,0,0,1,R1-1100um-top-to-bottom-center_frame_220,100
R1-1100um-top-to-bottom-center_frame_356_patch_3.png,image_2088.jpg,1,0,1,0,2,R1-1100um-top-to-bottom-center_frame_356,101
R1-700um-top-to-bottom-center_frame_242_patch_6.png,image_2089.jpg,0,0,1,0,1,R1-700um-top-to-bottom-center_frame_242,001
R1-900um-top-to-bottom-center_frame_303_patch_3.png,image_2092.jpg,1,0,0,0,1,R1-900um-top-to-bottom-center_frame_303,100
R1-1000um-top-to-bottom-center_frame_67_patch_3.png,image_2093.jpg,1,0,0,0,1,R1-1000um-top-to-bottom-center_frame_67,100
R1-1100um-top-to-bottom-center-1_frame_402_patch_1.png,image_2094.jpg,1,1,0,0,2,R1-1100um-top-to-bottom-center-1_frame_402,110
R1-1100um-top-to-bottom-center-1_frame_250_patch_7.png,image_2095.jpg,1,0,0,0,1,R1-1100um-top-to-bottom-center-1_frame_250,100
R1-1100um-top-to-bottom-center_frame_144_patch_3.png,image_2096.jpg,1,0,0,0,1,R1-1100um-top-to-bottom-center_frame_144,100
R1-1100um-top-to-bottom-center_frame_83_patch_1.png,image_2097.jpg,1,0,1,0,2,R1-1100um-top-to-bottom-center_frame_83,101
R1-900um-top-to-bottom-center_frame_126_patch_0.png,image_2099.jpg,1,0,0,0,1,R1-900um-top-to-bottom-center_frame_126,100
R1-900um-top-to-bottom-center_frame_347_patch_1.png,image_2101.jpg,1,0,0,0,1,R1-900um-top-to-bottom-center_frame_347,100
R7-700um-middle_frame_558_patch_2.png,image_2102.jpg,0,1,0,0,1,R7-700um-middle_frame_558,010
R1-1000um-top-to-bottom-center_frame_170_patch_0.png,image_2103.jpg,1,0,0,0,1,R1-1000um-top-to-bottom-center_frame_170,100
R1-1100um-top-to-bottom-center-1_frame_225_patch_3.png,image_2104.jpg,1,0,0,0,1,R1-1100um-top-to-bottom-center-1_frame_225,100
R1-900um-top-to-bottom-center_frame_347_patch_4.png,image_2105.jpg,1,0,0,0,1,R1-900um-top-to-bottom-center_frame_347,100
R1-800um-top-to-bottom-center_frame_413_patch_8.png,image_2106.jpg,1,0,0,0,1,R1-800um-top-to-bottom-center_frame_413,100
R1-700um-top-to-bottom-center_frame_426_patch_3.png,image_2110.jpg,1,0,0,0,1,R1-700um-top-to-bottom-center_frame_426,100
R1-1000um-top-to-bottom-center_frame_585_patch_6.png,image_2111.jpg,1,0,0,0,1,R1-1000um-top-to-bottom-center_frame_585,100
R1-1100um-top-to-bottom-center-1_frame_161_patch_4.png,image_2112.jpg,1,0,0,0,1,R1-1100um-top-to-bottom-center-1_frame_161,100
R1-700um-top-to-bottom-center_frame_587_patch_4.png,image_2113.jpg,1,0,0,0,1,R1-700um-top-to-bottom-center_frame_587,100
R1-600um-top-to-bottom-center_frame_403_patch_0.png,image_2114.jpg,1,0,0,0,1,R1-600um-top-to-bottom-center_frame_403,100
R1-700um-top-to-bottom-center_frame_426_patch_6.png,image_2116.jpg,1,0,1,0,2,R1-700um-top-to-bottom-center_frame_426,101
R7-700um-middle_frame_553_patch_2.png,image_2118.jpg,0,1,0,0,1,R7-700um-middle_frame_553,010
R1-900um-top-to-bottom-center_frame_37_patch_3.png,image_2119.jpg,1,0,0,0,1,R1-900um-top-to-bottom-center_frame_37,100
R1-1100um-top-to-bottom-center-1_frame_280_patch_5.png,image_2126.jpg,1,0,0,0,1,R1-1100um-top-to-bottom-center-1_frame_280,100
R1-1100um-top-to-bottom-center_frame_232_patch_8.png,image_2127.jpg,1,0,0,0,1,R1-1100um-top-to-bottom-center_frame_232,100
R1-1100um-top-to-bottom-center-1_frame_205_patch_5.png,image_2128.jpg,1,0,0,0,1,R1-1100um-top-to-bottom-center-1_frame_205,100
R7-700um-middle_frame_208_patch_2.png,image_2129.jpg,1,0,1,0,2,R7-700um-middle_frame_208,101
R1-800um-top-to-bottom-center_frame_63_patch_4.png,image_2130.jpg,0,0,1,0,1,R1-800um-top-to-bottom-center_frame_63,001
R1-1100um-top-to-bottom-center_frame_302_patch_2.png,image_2132.jpg,1,0,0,0,1,R1-1100um-top-to-bottom-center_frame_302,100
R1-600um-top-to-bottom-center_frame_199_patch_8.png,image_2139.jpg,0,0,1,0,1,R1-600um-top-to-bottom-center_frame_199,001
R1-800um-top-to-bottom-center_frame_304_patch_5.png,image_2140.jpg,1,0,0,0,1,R1-800um-top-to-bottom-center_frame_304,100
R1-1100um-top-to-bottom-center_frame_239_patch_3.png,image_2141.jpg,1,0,0,0,1,R1-1100um-top-to-bottom-center_frame_239,100
R1-800um-top-to-bottom-center_frame_63_patch_1.png,image_2142.jpg,0,0,1,0,1,R1-800um-top-to-bottom-center_frame_63,001
R1-700um-top-to-bottom-center_frame_648_patch_1.png,image_2144.jpg,1,0,1,0,2,R1-700um-top-to-bottom-center_frame_648,101
R1-1100um-top-to-bottom-center-1_frame_267_patch_6.png,image_2148.jpg,1,0,1,0,2,R1-1100um-top-to-bottom-center-1_frame_267,101
R1-800um-top-to-bottom-center_frame_46_patch_0.png,image_2149.jpg,0,0,1,0,1,R1-800um-top-to-bottom-center_frame_46,001
R1-800um-top-to-bottom-center_frame_253_patch_7.png,image_2150.jpg,0,0,1,0,1,R1-800um-top-to-bottom-center_frame_253,001
R1-1100um-top-to-bottom-center-1_frame_447_patch_7.png,image_2152.jpg,1,0,0,0,1,R1-1100um-top-to-bottom-center-1_frame_447,100
R1-1000um-top-to-bottom-center_frame_209_patch_3.png,image_2155.jpg,1,0,0,0,1,R1-1000um-top-to-bottom-center_frame_209,100
R1-600um-top-to-bottom-center_frame_394_patch_3.png,image_2159.jpg,1,0,0,0,1,R1-600um-top-to-bottom-center_frame_394,100
R1-800um-top-to-bottom-center_frame_413_patch_7.png,image_2160.jpg,1,0,1,0,2,R1-800um-top-to-bottom-center_frame_413,101
R1-1100um-top-to-bottom-center_frame_245_patch_0.png,image_2161.jpg,1,0,0,0,1,R1-1100um-top-to-bottom-center_frame_245,100
R1-600um-top-to-bottom-center_frame_0_patch_7.png,image_2162.jpg,0,0,1,0,1,R1-600um-top-to-bottom-center_frame_0,001
R1-1100um-top-to-bottom-center_frame_356_patch_8.png,image_2163.jpg,1,0,1,0,2,R1-1100um-top-to-bottom-center_frame_356,101
R1-1100um-top-to-bottom-center-1_frame_372_patch_3.png,image_2164.jpg,1,0,1,0,2,R1-1100um-top-to-bottom-center-1_frame_372,101
R1-1100um-top-to-bottom-center_frame_86_patch_7.png,image_2165.jpg,1,0,0,0,1,R1-1100um-top-to-bottom-center_frame_86,100
R1-700um-top-to-bottom-center_frame_570_patch_4.png,image_2166.jpg,1,0,0,0,1,R1-700um-top-to-bottom-center_frame_570,100
R1-700um-top-to-bottom-center_frame_182_patch_0.png,image_2167.jpg,0,0,1,0,1,R1-700um-top-to-bottom-center_frame_182,001
R1-1000um-top-to-bottom-center_frame_180_patch_3.png,image_2169.jpg,1,0,0,0,1,R1-1000um-top-to-bottom-center_frame_180,100
R7-700um-middle_frame_566_patch_8.png,image_2170.jpg,1,1,0,0,2,R7-700um-middle_frame_566,110
R1-1000um-top-to-bottom-center_frame_585_patch_4.png,image_2171.jpg,1,0,0,0,1,R1-1000um-top-to-bottom-center_frame_585,100
R1-800um-top-to-bottom-center_frame_499_patch_6.png,image_2174.jpg,1,0,0,0,1,R1-800um-top-to-bottom-center_frame_499,100
R7-700um-middle_frame_500_patch_6.png,image_2176.jpg,1,0,0,0,1,R7-700um-middle_frame_500,100
R1-800um-top-to-bottom-center_frame_499_patch_3.png,image_2177.jpg,1,0,0,0,1,R1-800um-top-to-bottom-center_frame_499,100
R1-1100um-top-to-bottom-center-1_frame_502_patch_1.png,image_2179.jpg,1,1,0,0,2,R1-1100um-top-to-bottom-center-1_frame_502,110
R1-700um-top-to-bottom-center_frame_648_patch_7.png,image_2180.jpg,1,1,0,0,2,R1-700um-top-to-bottom-center_frame_648,110
R1-900um-top-to-bottom-center_frame_512_patch_3.png,image_2181.jpg,1,0,0,0,1,R1-900um-top-to-bottom-center_frame_512,100
R1-1100um-top-to-bottom-center-1_frame_169_patch_1.png,image_2182.jpg,1,0,0,0,1,R1-1100um-top-to-bottom-center-1_frame_169,100
R1-800um-top-to-bottom-center_frame_638_patch_3.png,image_2183.jpg,1,1,0,0,2,R1-800um-top-to-bottom-center_frame_638,110
R1-700um-top-to-bottom-center_frame_334_patch_3.png,image_2184.jpg,1,0,0,0,1,R1-700um-top-to-bottom-center_frame_334,100
R1-800um-top-to-bottom-center_frame_413_patch_3.png,image_2187.jpg,1,0,0,0,1,R1-800um-top-to-bottom-center_frame_413,100
R1-1100um-top-to-bottom-center-1_frame_161_patch_6.png,image_2189.jpg,1,0,0,0,1,R1-1100um-top-to-bottom-center-1_frame_161,100
R7-700um-middle_frame_512_patch_7.png,image_2190.jpg,1,0,0,0,1,R7-700um-middle_frame_512,100
R1-1100um-top-to-bottom-center-1_frame_521_patch_7.png,image_2191.jpg,1,1,0,0,2,R1-1100um-top-to-bottom-center-1_frame_521,110
R1-800um-top-to-bottom-center_frame_554_patch_3.png,image_2192.jpg,1,0,0,0,1,R1-800um-top-to-bottom-center_frame_554,100
R1-1100um-top-to-bottom-center_frame_183_patch_7.png,image_2193.jpg,1,0,0,0,1,R1-1100um-top-to-bottom-center_frame_183,100
R1-800um-top-to-bottom-center_frame_526_patch_8.png,image_2196.jpg,1,0,0,0,1,R1-800um-top-to-bottom-center_frame_526,100
R1-900um-top-to-bottom-center_frame_493_patch_1.png,image_2198.jpg,1,0,0,0,1,R1-900um-top-to-bottom-center_frame_493,100
R1-1100um-top-to-bottom-center_frame_218_patch_2.png,image_2199.jpg,1,0,0,0,1,R1-1100um-top-to-bottom-center_frame_218,100
R1-1000um-top-to-bottom-center_frame_134_patch_3.png,image_2200.jpg,1,0,0,0,1,R1-1000um-top-to-bottom-center_frame_134,100
R1-600um-top-to-bottom-center_frame_79_patch_5.png,image_2201.jpg,0,0,1,0,1,R1-600um-top-to-bottom-center_frame_79,001
R1-1100um-top-to-bottom-center_frame_183_patch_8.png,image_2202.jpg,1,0,0,0,1,R1-1100um-top-to-bottom-center_frame_183,100
R1-1000um-top-to-bottom-center_frame_99_patch_3.png,image_2203.jpg,0,0,1,0,1,R1-1000um-top-to-bottom-center_frame_99,001
R1-700um-top-to-bottom-center_frame_426_patch_1.png,image_2204.jpg,1,0,0,0,1,R1-700um-top-to-bottom-center_frame_426,100
R1-1100um-top-to-bottom-center_frame_386_patch_5.png,image_2205.jpg,1,0,1,0,2,R1-1100um-top-to-bottom-center_frame_386,101
R1-900um-top-to-bottom-center_frame_418_patch_1.png,image_2206.jpg,1,0,0,0,1,R1-900um-top-to-bottom-center_frame_418,100
R1-600um-top-to-bottom-center_frame_61_patch_6.png,image_2208.jpg,0,0,1,0,1,R1-600um-top-to-bottom-center_frame_61,001
R1-1000um-top-to-bottom-center_frame_384_patch_5.png,image_2209.jpg,1,0,0,0,1,R1-1000um-top-to-bottom-center_frame_384,100
R1-600um-top-to-bottom-center_frame_586_patch_8.png,image_2210.jpg,1,0,0,0,1,R1-600um-top-to-bottom-center_frame_586,100
R1-800um-top-to-bottom-center_frame_454_patch_1.png,image_2213.jpg,1,0,0,0,1,R1-800um-top-to-bottom-center_frame_454,100
R1-1000um-top-to-bottom-center_frame_173_patch_3.png,image_2214.jpg,1,0,0,0,1,R1-1000um-top-to-bottom-center_frame_173,100
R1-1000um-top-to-bottom-center_frame_245_patch_2.png,image_2217.jpg,1,0,0,0,1,R1-1000um-top-to-bottom-center_frame_245,100
R1-1100um-top-to-bottom-center_frame_239_patch_8.png,image_2218.jpg,1,0,1,0,2,R1-1100um-top-to-bottom-center_frame_239,101
R1-700um-top-to-bottom-center_frame_347_patch_7.png,image_2220.jpg,1,0,1,0,2,R1-700um-top-to-bottom-center_frame_347,101
R1-700um-top-to-bottom-center_frame_556_patch_1.png,image_2221.jpg,1,0,0,0,1,R1-700um-top-to-bottom-center_frame_556,100
R1-800um-top-to-bottom-center_frame_98_patch_3.png,image_2222.jpg,0,0,1,0,1,R1-800um-top-to-bottom-center_frame_98,001
R1-900um-top-to-bottom-center_frame_434_patch_4.png,image_2223.jpg,1,0,0,0,1,R1-900um-top-to-bottom-center_frame_434,100
R1-1100um-top-to-bottom-center_frame_218_patch_3.png,image_2225.jpg,1,0,0,0,1,R1-1100um-top-to-bottom-center_frame_218,100
R1-900um-top-to-bottom-center_frame_493_patch_5.png,image_2226.jpg,1,0,0,0,1,R1-900um-top-to-bottom-center_frame_493,100
